{"type":"FeatureCollection","bbox":[102.87947100100013,9.91361000000012,104.07725465300013,11.435886184000026],"features":[{"type":"Feature","properties":{"GID_1":"KHM.13_1","GID_0":"KHM","COUNTRY":"Cambodia","NAME_1":"Krong Preah Sihanouk","VARNAME_1":"Sihanoukville|Kampong Som|Kampon","NL_NAME_1":"NA","TYPE_1":"Krong","ENGTYPE_1":"Municipality","CC_1":"NA","HASC_1":"KH.KA","ISO_1":"KH-18"},"geometry":{"type":"MultiPolygon","coordinates":[[[[102.88828300000011,9.930891000000031],[102.88828999999998,9.930350000000033],[102.88817599900005,9.92983300000003],[102.88808399900012,9.929350000000056],[102.88810700000016,9.928889001000186],[102.88829799900003,9.928495001000101],[102.88852700000007,9.928078000000141],[102.88883999900014,9.92767499900009],[102.88915300000019,9.927210000000116],[102.88943500000005,9.926678999000103],[102.88973999900014,9.926113001000033],[102.89013699900016,9.925563999000076],[102.89058699900005,9.925033000000099],[102.89104500100012,9.924527000000126],[102.89138000100013,9.923989000000063],[102.89163999900018,9.92351099900003],[102.891822999,9.923080000000141],[102.8920290000001,9.922702001000062],[102.89228800000006,9.922353000000044],[102.89266999900013,9.922050000000183],[102.89311999900002,9.921753000000137],[102.89363900100017,9.92152800100007],[102.89417299900015,9.921367999000154],[102.89465300000012,9.921200001000102],[102.89510300000006,9.921124000000134],[102.89553800100009,9.921108001000164],[102.89593500100005,9.921122000000139],[102.89629400100011,9.921190999000089],[102.89661400000006,9.921340999000051],[102.8970030000001,9.921429999000111],[102.897377001,9.921611999000106],[102.89787300000012,9.921722000000045],[102.89837600100009,9.921880999000166],[102.89894900100006,9.921840000000032],[102.89946700000019,9.92162100100012],[102.8999100010002,9.921316001000093],[102.90027600100007,9.920946999000137],[102.90059699900019,9.920571000000052],[102.90088700000007,9.920217000000036],[102.90088700000007,9.919906999999967],[102.901161,9.919210001000124],[102.90151200100001,9.918592000000046],[102.90235099900019,9.918107000000077],[102.90304599900014,9.917828999999983],[102.90409100000016,9.917551001000163],[102.90547200000003,9.917505000000176],[102.90576900000008,9.917462000000171],[102.90625000099999,9.917225000000087],[102.90668500000004,9.916956000000084],[102.90709700000019,9.916660000000093],[102.90744000000012,9.916341001000092],[102.90755500000006,9.915978001000042],[102.90754700000014,9.915650001000074],[102.90690599900012,9.915210000000002],[102.90631100000019,9.914841000000024],[102.90579200100012,9.914652001000093],[102.9053570000001,9.9144510000001],[102.90495300100014,9.914280000000133],[102.90451000000019,9.9141619990001],[102.90406000000007,9.914050001000021],[102.90360300000009,9.913919999000143],[102.90307599900012,9.913840001000096],[102.90257300000013,9.913672000000133],[102.90232800100006,9.913621999000156],[102.90203100000008,9.91361000000012],[102.90158800000017,9.913612000000114],[102.90103100100004,9.91361000000012],[102.90038300000015,9.91361000000012],[102.89967300100011,9.91361500000005],[102.89896400000015,9.913660001000096],[102.89833799900015,9.913840001000096],[102.89777400100019,9.913949999000124],[102.8973459990001,9.914150000000063],[102.89691899900015,9.914360000000045],[102.89646899900004,9.914590001000136],[102.89606500000008,9.914955001000124],[102.89566800000011,9.91534199900019],[102.89532499900008,9.915763999000092],[102.89498100000009,9.916155999000011],[102.89470699999998,9.916559000000063],[102.89443200000017,9.916956000000084],[102.89415000100018,9.917329999000174],[102.89382899999998,9.917674000000147],[102.89343300100018,9.91796800100002],[102.89304400000009,9.918293999000184],[102.89264700100017,9.918622000000084],[102.89228100100007,9.918949999999995],[102.8919600000001,9.919283000000064],[102.89163200000013,9.919587999000157],[102.89125800099998,9.919839001000128],[102.89082300000013,9.920081001000085],[102.89035800000005,9.920311000000027],[102.88987700000001,9.92056100100018],[102.88942700000013,9.920821000000103],[102.88897700000018,9.921020001000159],[102.88855700000005,9.921190999000089],[102.88819100000018,9.921416000000136],[102.88785600000017,9.921696000000054],[102.88748900100006,9.922025000000076],[102.88707000100004,9.922373000999983],[102.88658900000013,9.922728999000128],[102.88606299900005,9.92304300000012],[102.88553600000006,9.923332999000024],[102.88503300000019,9.923611001000097],[102.88456700100005,9.923889000000088],[102.88414800000015,9.92417199900018],[102.88378100100005,9.924454001000072],[102.88346100000012,9.924730000000068],[102.8831560000001,9.925008000000162],[102.88282800000013,9.925278999999989],[102.88247699900018,9.925550000000044],[102.8821030000002,9.925819000000104],[102.88172900100011,9.926097000000027],[102.8814769990002,9.926500999000154],[102.88133199900011,9.926991000999976],[102.88109600100012,9.927481000000114],[102.88085900000016,9.927991000000077],[102.88069899900012,9.928567999999984],[102.88072999900004,9.929196999999988],[102.88053100000019,9.929762001000142],[102.88023400000009,9.930233999000109],[102.87991299900011,9.930635001000041],[102.87960799900009,9.930992999000182],[102.87947100100013,9.931403000000103],[102.87948600000004,9.931839001000014],[102.87966200000005,9.932242000000088],[102.87988299900013,9.932651999000143],[102.88017300000001,9.933026000000098],[102.88051599900007,9.933331000000123],[102.88083599999999,9.933611999000163],[102.88115700100019,9.933790000000045],[102.88152300000019,9.933881000000156],[102.8819430010002,9.933900999999992],[102.88242300100012,9.933881000000156],[102.88288100000011,9.933810000000108],[102.88323199900009,9.933586999000056],[102.88352999900007,9.93332000099997],[102.88378900000009,9.933009999000092],[102.88406400000008,9.93269100000009],[102.88427700000017,9.932297001000109],[102.88458299900014,9.931958999000187],[102.8849410000002,9.931680999000093],[102.88534500100013,9.931485000000123],[102.88577300100019,9.931387001000132],[102.88616200100006,9.93132099900015],[102.88648999899999,9.931263999000066],[102.88680300000004,9.931399000000113],[102.88717699900019,9.931574001000115],[102.88765000000018,9.931591999000034],[102.88806200100004,9.93133500000016],[102.88828300000011,9.930891000000031]]],[[[102.92806200000007,9.92533200000014],[102.9283220000001,9.925535000000082],[102.92860400000012,9.925783000000138],[102.92890900000015,9.926127000000179],[102.92931400000009,9.926493999999991],[102.92982500000011,9.926701000000094],[102.9303210000001,9.926583000000107],[102.93066400000004,9.926223000000164],[102.93084000000005,9.925737000000083],[102.93099200000017,9.925275000000056],[102.93112900000017,9.924857999999972],[102.93132800000012,9.924518000000091],[102.93158700000004,9.92423100000019],[102.93187700000004,9.923944000000063],[102.93213700000007,9.923629000000119],[102.93240400000013,9.923358000000064],[102.93268599999999,9.923171000000025],[102.93298300000009,9.923112000000117],[102.93330400000019,9.923249000000112],[102.9337690000001,9.923347000000035],[102.93430300000006,9.923463000000027],[102.93489800000009,9.923533000000134],[102.93547100000006,9.923410000000104],[102.93598900000012,9.923219000000074],[102.93640900000003,9.92292300000014],[102.93682100000001,9.92264700000004],[102.9372630000002,9.922435000000064],[102.93763000000018,9.922199999999975],[102.9378890000001,9.921922000000052],[102.938019,9.921628000000112],[102.93801100000007,9.921293000000105],[102.93789700000008,9.920938000000035],[102.9378280000002,9.92055500000015],[102.93790400000012,9.920153999999968],[102.93805700000013,9.919725000000028],[102.93820200000005,9.919283000000064],[102.93830900000006,9.91882900000013],[102.93827800000014,9.918387000000166],[102.93804200000017,9.918050000000164],[102.9377140000002,9.917781000000105],[102.93734000000018,9.917564000000084],[102.93692000000004,9.917441000000053],[102.9365620000001,9.917218000000048],[102.93622599999998,9.916960000000017],[102.93589000000009,9.916691000000185],[102.93564600000013,9.916331000000014],[102.93545500000016,9.915921000000026],[102.9351430000001,9.915576999999985],[102.93471500000004,9.915284999999983],[102.934189,9.915062000000034],[102.93351000000018,9.915003000000127],[102.93280800000014,9.914946000000043],[102.93218200000007,9.914715000000115],[102.93191500000017,9.914571999999964],[102.93165600000003,9.914474000000041],[102.93125900000007,9.91444700000011],[102.93083200000007,9.914453000000094],[102.93061800000015,9.91448800000012],[102.93041200000016,9.914519000000041],[102.93002300000012,9.914695000000052],[102.9296040000001,9.914866000000131],[102.9292220000001,9.91514200000006],[102.92891700000007,9.915552000000048],[102.92868000000004,9.916044000000113],[102.92845900000003,9.916521000000103],[102.92819200000014,9.91691300000008],[102.92790200000013,9.917220000000043],[102.92760500000009,9.917491000000098],[102.92726100000004,9.917717000000152],[102.92685699999998,9.917877000000033],[102.92646000000019,9.918073000000106],[102.92609400000009,9.918328000000088],[102.92572000000007,9.918563000000177],[102.92531600000007,9.918731000000037],[102.92495700000018,9.918941000000189],[102.92462200000017,9.91918000000004],[102.92427800000013,9.919440000000066],[102.92391200000003,9.91970700000013],[102.92353800000018,9.919988999999987],[102.92321800000019,9.920280999999989],[102.92290500000001,9.920561000000077],[102.9226300000002,9.920844000000045],[102.92238600000007,9.921131000000173],[102.92214200000012,9.921441000000073],[102.92185200000011,9.921692000000064],[102.92156200000011,9.921948999999984],[102.92124900000016,9.922225000000083],[102.92092100000019,9.922501000000011],[102.92060100000003,9.922779000000105],[102.92027300000007,9.923057000000028],[102.91992200000016,9.923335000000122],[102.91954800000008,9.92361100000005],[102.91917400000006,9.923889000000088],[102.91880800000018,9.92417400000005],[102.91848800000014,9.92448400000012],[102.91818999999998,9.92483500000003],[102.91781600000013,9.925140000000056],[102.9174730000002,9.92550000000017],[102.91708400000016,9.925845000000152],[102.91674000000012,9.926199999999994],[102.91646600000018,9.926581000000112],[102.91617600000018,9.92695000000009],[102.91587800000019,9.927317000000073],[102.91561100000013,9.927702000000124],[102.91529100000014,9.928042000000175],[102.91496300000017,9.928370000000143],[102.91462700000005,9.928721000000053],[102.9143140000001,9.929129000000046],[102.9139630000002,9.929512000000159],[102.91364300000004,9.92992600000008],[102.9134220000002,9.93037500000014],[102.91329200000013,9.930852000000186],[102.9131010000001,9.931287000000111],[102.91294100000005,9.93177900000012],[102.91275000000002,9.932322000000113],[102.91249800000014,9.93287300000003],[102.91227700000013,9.933420000000183],[102.91227000000009,9.933970000000045],[102.91246000000018,9.934389000000067],[102.91275000000002,9.934717000000035],[102.9131010000001,9.935002000000168],[102.91349000000014,9.935292000000175],[102.91391800000002,9.93559700000003],[102.91442900000004,9.935852000000125],[102.91461200000009,9.935921000000178],[102.91497800000019,9.936062000000106],[102.915573,9.936050000000023],[102.91610000000009,9.935832000000119],[102.9165500000002,9.935560000000123],[102.91692400000005,9.935296000000164],[102.91722900000008,9.93501800000007],[102.91750300000018,9.934740000000147],[102.91779300000019,9.934441000000106],[102.91807600000016,9.934120000000007],[102.91834300000005,9.933741999999995],[102.91861000000011,9.933368000000144],[102.91883900000005,9.933010000000024],[102.91897600000004,9.932611000000065],[102.91917400000006,9.932283000000098],[102.91938000000005,9.931994000000145],[102.91954000000015,9.9316970000001],[102.91971600000016,9.931403000000103],[102.91987600000004,9.931052000000022],[102.91997500000008,9.930606000000068],[102.91999800000002,9.930059000000085],[102.92002100000013,9.929443000000106],[102.92012000000017,9.92883200000017],[102.92038700000006,9.928349000000026],[102.92069200000009,9.927919000000145],[102.92101300000019,9.927511000000152],[102.92135600000012,9.927119000000005],[102.92171500000018,9.926708000000133],[102.92217300000004,9.926391000000024],[102.92263800000018,9.92610900000011],[102.92308800000006,9.925849000000085],[102.92352299999999,9.925660000000107],[102.92395800000014,9.92554100000001],[102.92434700000018,9.925391000000047],[102.92472100000003,9.925311000000022],[102.92507200000011,9.925282000000095],[102.9254230000002,9.925270000000182],[102.92574300000001,9.925234000000046],[102.92605600000019,9.925095000000056],[102.92637600000018,9.925070000000119],[102.92671200000007,9.925227000000177],[102.92704000000003,9.92527200000012],[102.92738300000019,9.925277000000051],[102.92772700000006,9.925282000000095],[102.92806200000007,9.92533200000014]]],[[[102.88063,10.234526000000074],[102.880379,10.234471000000099],[102.88012700000013,10.234581000000162],[102.879883,10.234891000000061],[102.8797840000002,10.235321000000113],[102.87993600000016,10.235743000000014],[102.8802490000001,10.236109999999996],[102.88063,10.236454000000037],[102.88109600000001,10.23678000000001],[102.88162200000005,10.23710200000005],[102.88224800000012,10.237202000000138],[102.88292700000017,10.237120000000118],[102.8834690000001,10.236871000000122],[102.88375900000011,10.236504000000082],[102.88387300000011,10.236094000000094],[102.88385800000009,10.235629000000188],[102.8836590000002,10.235173000000088],[102.88341500000007,10.234780999999998],[102.88299600000005,10.234699000000148],[102.88253800000012,10.234713000000056],[102.88208800000001,10.23472200000009],[102.88162200000005,10.2347180000001],[102.88111900000013,10.234672000000046],[102.88063,10.234526000000074]]],[[[103.24083700000011,10.251389000000131],[103.24083700000011,10.251946000000032],[103.24194300000016,10.251946000000032],[103.24194300000016,10.25083300000017],[103.24138600000009,10.250277000000153],[103.24138600000009,10.24999900000006],[103.2405470000001,10.250001000000054],[103.2405470000001,10.250279000000148],[103.24028000000004,10.250555000000077],[103.24028000000004,10.251111000000037],[103.24083700000011,10.251389000000131]]],[[[103.23096500000008,10.254886000000113],[103.23070500000006,10.255150000000128],[103.23058300000008,10.25549000000018],[103.23059100000006,10.255850000000123],[103.23082000000016,10.25614100000007],[103.23116300000015,10.256431000000077],[103.231651,10.256641000000002],[103.23201000000006,10.25661800000006],[103.23227700000012,10.256599999999992],[103.23291800000004,10.256246000000033],[103.23346700000019,10.255795000000035],[103.23377199999999,10.255280000000027],[103.23345200000017,10.254753000000107],[103.23288000000008,10.254327000000046],[103.23253600000004,10.254170000000045],[103.23222400000014,10.254181000000074],[103.23185699999999,10.254270000000133],[103.23155200000019,10.254459000000168],[103.23127000000011,10.25468699999999],[103.23096500000008,10.254886000000113]]],[[[103.1689380000002,10.253277000000026],[103.1689070000001,10.253881000000092],[103.16899100000018,10.254530000000159],[103.169174,10.255168000000026],[103.1693650000002,10.255770000000098],[103.16948700000017,10.256342000000132],[103.16967800000015,10.256800000000055],[103.16973100000007,10.25727600000016],[103.16981500000014,10.257719000000066],[103.16996800000015,10.25812000000019],[103.1700360000001,10.258580000000052],[103.17019700000009,10.25899000000004],[103.17031100000014,10.259460000000047],[103.17057800000003,10.25991600000009],[103.17094400000008,10.260335000000111],[103.17143200000015,10.26044400000012],[103.17193600000013,10.260073000000148],[103.17241700000011,10.259601000000146],[103.1727600000001,10.259102000000098],[103.17300399999999,10.25867599999998],[103.17323300000015,10.25837000000007],[103.17349200000007,10.258190000000127],[103.17379000000005,10.258081000000175],[103.17414900000006,10.258040000000165],[103.17455300000012,10.257951000000048],[103.17495700000012,10.257801000000086],[103.17543800000016,10.25770900000009],[103.17597200000012,10.25754100000006],[103.17660500000005,10.257484000000147],[103.17726900000014,10.257338000000118],[103.17763500000001,10.256960000000106],[103.17751300000003,10.25661100000002],[103.17729200000008,10.256260000000111],[103.17713200000014,10.2558820000001],[103.17692600000015,10.255542000000048],[103.17662000000007,10.255246000000056],[103.17617000000013,10.255041000000176],[103.17561300000006,10.255002000000104],[103.17504100000014,10.254949000000181],[103.17459100000002,10.254742000000135],[103.17419400000006,10.254514000000086],[103.17385900000005,10.254218000000094],[103.17352300000016,10.253912000000184],[103.1731640000001,10.253618000000188],[103.17278300000004,10.25332700000007],[103.17243200000013,10.252992000000063],[103.17208900000014,10.252620000000036],[103.171761,10.252242000000024],[103.17135600000006,10.251904000000138],[103.1708220000001,10.251667000000054],[103.17021900000015,10.25157200000018],[103.16996800000015,10.251688000000001],[103.16973100000007,10.251941000000159],[103.16944900000004,10.252331000000083],[103.16916700000013,10.2527750000001],[103.1689380000002,10.253277000000026]]],[[[103.14531700000015,10.314027000000124],[103.14573700000005,10.314200000000085],[103.14615600000013,10.314389000000062],[103.14659100000006,10.314560000000029],[103.14700300000004,10.314731000000108],[103.14740000000018,10.314898000000085],[103.14787300000006,10.315029999999979],[103.14831500000003,10.31525500000015],[103.14881100000002,10.315456000000097],[103.14916200000016,10.315486000000078],[103.14937600000007,10.315504000000146],[103.14991800000018,10.315262000000189],[103.15037500000011,10.31490000000008],[103.15074200000015,10.314492000000087],[103.15091700000005,10.313979000000074],[103.15113100000013,10.313498000000095],[103.15138200000013,10.31301000000019],[103.15155800000014,10.312461000000042],[103.15138200000013,10.311850000000163],[103.15103100000005,10.311260000000175],[103.15048200000012,10.310852000000182],[103.14984900000013,10.31055300000014],[103.149223,10.310275000000047],[103.14864299999999,10.309997000000124],[103.14811700000018,10.309735000000103],[103.14761400000015,10.309560000000033],[103.14713300000011,10.309460000000115],[103.1466670000001,10.309444000000042],[103.14621000000011,10.309473000000082],[103.14576700000009,10.30963000000014],[103.14530200000013,10.309747000000016],[103.14488999999998,10.30994000000004],[103.14445500000005,10.310107000000187],[103.14399000000014,10.31025300000016],[103.14347099999998,10.310237000000086],[103.14296700000006,10.309995000000129],[103.14247100000006,10.309681000000069],[103.141975,10.309350000000052],[103.14154100000019,10.309011000000055],[103.14115100000004,10.308719000000053],[103.14091500000006,10.308402000000115],[103.14072400000009,10.308040000000005],[103.14054100000004,10.307652000000076],[103.1403430000002,10.307260000000156],[103.14022100000005,10.306811000000096],[103.14001500000006,10.30642100000017],[103.13981600000011,10.306038999999998],[103.1396870000001,10.305651000000069],[103.1394810000001,10.305291000000125],[103.13934300000005,10.30489000000017],[103.1391750000002,10.304468000000043],[103.13901500000009,10.30400800000018],[103.13888500000013,10.303479000000095],[103.13875600000011,10.302891000000159],[103.13864100000006,10.30227100000019],[103.1386030000001,10.301633000000152],[103.1385420000002,10.301059000000066],[103.13842000000005,10.30059400000016],[103.138351,10.300183000000061],[103.13833600000004,10.299780000000112],[103.13833600000004,10.299363000000085],[103.13833600000004,10.29892800000016],[103.13833600000004,10.298485000000085],[103.13834400000013,10.298046],[103.13840500000003,10.297631000000138],[103.13851200000005,10.297246000000086],[103.13868000000008,10.296888000000138],[103.13889300000011,10.29654099999999],[103.13914499999998,10.296170000000018],[103.13938100000018,10.295735000000093],[103.13966400000015,10.295272000000182],[103.13999200000006,10.294805000000053],[103.14025100000003,10.294429000000036],[103.14031200000011,10.29436700000008],[103.14554600000008,10.28917100000001],[103.14611100000013,10.28917100000001],[103.14721700000013,10.288061000000027],[103.14721700000013,10.287783000000104],[103.14749900000004,10.287499999999966],[103.14749900000004,10.287222000000042],[103.14805600000011,10.286666000000082],[103.14805600000011,10.285000000000082],[103.1483310000001,10.284722000000158],[103.1483310000001,10.283612000000176],[103.148888,10.283056000000158],[103.148888,10.282778000000064],[103.14917000000008,10.28249999999997],[103.14917000000008,10.282222000000104],[103.1500020000002,10.281390000000158],[103.15027600000013,10.281390000000158],[103.15055799999999,10.281109000000185],[103.15083300000003,10.281112000000064],[103.1513900000001,10.280556000000104],[103.1524960000001,10.280556000000104],[103.15267200000011,10.280729000000179],[103.15277900000007,10.28083399999997],[103.153053,10.28083399999997],[103.1533360000002,10.281112000000064],[103.1538930000001,10.281109000000185],[103.15444200000019,10.281670000000076],[103.15499900000009,10.281670000000076],[103.15528100000017,10.281390000000158],[103.15556300000003,10.281390000000158],[103.1558300000001,10.281670000000076],[103.15611300000006,10.281670000000076],[103.15721900000011,10.280560000000037],[103.15721900000011,10.28028200000017],[103.15471600000012,10.277780000000064],[103.15471600000012,10.277499000000091],[103.15444200000019,10.277220999999997],[103.15444200000019,10.276111000000185],[103.1547240000001,10.275833000000091],[103.1547240000001,10.275554999999997],[103.15667000000013,10.273611000000074],[103.15666200000004,10.27278100000018],[103.15611300000006,10.272221000000002],[103.15556300000003,10.272221000000002],[103.15528100000017,10.27250100000009],[103.15471600000012,10.27250100000009],[103.15444200000019,10.27278100000018],[103.1541670000002,10.27278100000018],[103.1538930000001,10.273059000000103],[103.15334300000006,10.273059000000103],[103.15318300000013,10.272902000000045],[103.153053,10.27278100000018],[103.15277900000007,10.27278100000018],[103.1524960000001,10.27250100000009],[103.1513900000001,10.27250100000009],[103.15110800000002,10.272221000000002],[103.15083300000003,10.272222999999997],[103.15055799999999,10.271945000000073],[103.15027600000013,10.271945000000073],[103.14971900000006,10.271389000000113],[103.14943700000015,10.271391000000108],[103.14919300000003,10.271136000000126],[103.148888,10.27111100000019],[103.14778100000007,10.270001000000036],[103.14778100000007,10.269723000000113],[103.14749900000004,10.26944500000019],[103.14749900000004,10.268889000000001],[103.147224,10.268611000000135],[103.14721700000013,10.267781000000184],[103.1466670000001,10.267220000000123],[103.14639299999999,10.267501000000095],[103.14611100000013,10.267501000000095],[103.14583600000009,10.26777600000014],[103.14583600000009,10.268611000000135],[103.14554600000008,10.268890999999996],[103.14583600000009,10.26916900000009],[103.14583600000009,10.270281000000068],[103.14611100000013,10.270559000000162],[103.14611100000013,10.271389000000113],[103.14638500000007,10.271667000000036],[103.14639299999999,10.272221000000002],[103.14611100000013,10.27250100000009],[103.14611100000013,10.27278100000018],[103.14638500000007,10.273057000000108],[103.14638500000007,10.275554999999997],[103.14611100000013,10.275833000000091],[103.14611100000013,10.276943000000074],[103.14583600000009,10.277223000000163],[103.14583600000009,10.278609000000074],[103.14554600000008,10.278892000000042],[103.14554600000008,10.28028200000017],[103.14527900000019,10.280556000000104],[103.14527900000019,10.28249999999997],[103.14499700000016,10.282778000000064],[103.14499700000016,10.283056000000158],[103.14472200000012,10.283334000000082],[103.14472200000012,10.28416599999997],[103.14444700000013,10.284441000000186],[103.14444700000013,10.28528000000017],[103.1441730000002,10.285560000000032],[103.14416500000004,10.286390000000154],[103.14389,10.286666000000082],[103.14389,10.287222000000042],[103.14360800000014,10.287499999999966],[103.14360800000014,10.28777800000006],[103.1433330000001,10.288056000000154],[103.1433330000001,10.288332000000082],[103.143059,10.288612000000171],[103.143059,10.288881000000003],[103.14194500000002,10.290000000000077],[103.14194500000002,10.290278000000171],[103.13999900000016,10.292220000000043],[103.13945800000016,10.292495999999971],[103.1391680000001,10.292722000000026],[103.13875600000011,10.292835000000139],[103.13835900000015,10.293016000000023],[103.13784000000004,10.293054000000154],[103.13724500000018,10.293084000000135],[103.13661200000001,10.293234000000098],[103.1359020000001,10.293362000000059],[103.13518500000009,10.29357200000004],[103.13444500000014,10.29361300000005],[103.13371300000017,10.293565000000171],[103.13305700000006,10.29330700000014],[103.13243900000009,10.292968000000144],[103.1318510000001,10.29281700000007],[103.13134800000006,10.293182000000058],[103.13086700000002,10.29335500000019],[103.13031000000012,10.293556000000137],[103.12970700000017,10.293651000000182],[103.12917300000004,10.293852000000072],[103.12863200000004,10.294110000000103],[103.12814300000008,10.294476000000031],[103.12771600000008,10.294941000000165],[103.12728900000013,10.295400000000086],[103.12696100000016,10.295896000000084],[103.12671700000004,10.296391000000028],[103.12661700000012,10.296922000000109],[103.12638900000007,10.297355000000039],[103.12616000000014,10.297795000000008],[103.12607600000013,10.298333000000127],[103.125946,10.298900000000174],[103.12605300000018,10.29950000000008],[103.12603000000001,10.300049000000172],[103.12587700000017,10.300569000000053],[103.12577800000014,10.301134000000047],[103.12553400000002,10.301679000000036],[103.12520600000005,10.302180000000135],[103.12482500000016,10.30261500000006],[103.1243360000002,10.302907000000062],[103.1239010000001,10.303260000000137],[103.1235050000002,10.303673000000174],[103.1230700000001,10.304074000000128],[103.12274900000017,10.304541000000086],[103.12284900000009,10.30507200000011],[103.12326000000019,10.30551000000014],[103.12383300000016,10.305778999999973],[103.12447400000008,10.305881000000113],[103.12504600000017,10.3061110000001],[103.12553400000002,10.306378000000166],[103.12596100000019,10.306672000000162],[103.12634300000019,10.306980000000067],[103.12666300000018,10.30731000000003],[103.12697600000013,10.307641000000046],[103.12735700000007,10.307917000000145],[103.12778500000013,10.308252000000152],[103.12825800000019,10.308591000000149],[103.12880700000011,10.308860000000038],[103.12941000000012,10.309011000000055],[103.12995100000012,10.309220000000153],[103.13041700000008,10.30951000000016],[103.13080600000012,10.30985800000019],[103.13112600000017,10.31028700000013],[103.13140100000015,10.310775000000035],[103.1316760000002,10.311285000000112],[103.13198900000015,10.311798000000124],[103.13239299999998,10.312256000000161],[103.13275900000008,10.312751000000105],[103.13305700000006,10.313291000000163],[103.13333100000017,10.313822000000073],[103.13361400000014,10.314330000000155],[103.13391100000018,10.314815000000124],[103.13426200000009,10.315253000000155],[103.13457500000004,10.315682000000095],[103.13465100000013,10.316194000000053],[103.13446000000016,10.316714000000047],[103.134186,10.317252000000167],[103.1339420000001,10.317815000000053],[103.1339420000001,10.31840299999999],[103.13416300000006,10.31892700000003],[103.13444500000014,10.319374000000039],[103.13471200000004,10.319757000000152],[103.13493299999999,10.320124000000135],[103.13499500000017,10.320557000000065],[103.13500200000004,10.321033],[103.13500200000004,10.321537000000149],[103.13500200000004,10.32206100000019],[103.13496400000008,10.322608000000116],[103.13481900000016,10.323171000000173],[103.13475800000009,10.323766000000035],[103.13491100000016,10.324310000000082],[103.13527700000003,10.324643000000094],[103.13575000000009,10.324575000000152],[103.13618500000007,10.324247000000014],[103.13658100000015,10.32389100000006],[103.13690900000006,10.323549000000185],[103.13714600000014,10.323212000000183],[103.13735200000013,10.322906000000103],[103.13749700000005,10.322558000000072],[103.13762700000018,10.322191000000089],[103.13778700000006,10.321781000000101],[103.13800800000007,10.32134700000006],[103.1382520000002,10.320880000000159],[103.13858000000016,10.320454000000097],[103.13890100000003,10.319959000000154],[103.1391910000001,10.319398999999976],[103.13932800000003,10.318790000000035],[103.13909100000012,10.318221000000051],[103.1388090000001,10.317687000000092],[103.1386340000002,10.317170000000147],[103.13864900000016,10.316691000000105],[103.13889300000011,10.316240000000107],[103.13922100000008,10.31582300000008],[103.13964099999998,10.315465000000131],[103.13998400000014,10.315055000000086],[103.14035000000007,10.31477000000018],[103.14070900000007,10.31454200000013],[103.14097600000014,10.31424600000014],[103.14131900000012,10.31409300000007],[103.14167800000013,10.313913000000127],[103.14212800000007,10.313810000000103],[103.14257800000019,10.313644000000068],[103.14308900000003,10.313610000000097],[103.14359999999999,10.313612000000091],[103.1440810000002,10.313628000000165],[103.14451600000012,10.313737000000117],[103.14491300000009,10.313881000000151],[103.14531700000015,10.314027000000124]]],[[[102.9405900000001,10.364321000000189],[102.94035300000007,10.364640000000122],[102.94010900000012,10.365029000000163],[102.9401700000002,10.365585000000124],[102.94007900000014,10.36618500000003],[102.94028500000013,10.366632000000095],[102.94072000000006,10.366935000000126],[102.94125400000019,10.367124000000103],[102.94186400000018,10.367103000000156],[102.94245100000006,10.366928000000087],[102.94294700000012,10.366654000000153],[102.94328300000018,10.366303000000073],[102.9433360000001,10.365854000000013],[102.94330600000012,10.365374000000088],[102.94315300000011,10.364925000000085],[102.94303900000006,10.364496000000088],[102.942856,10.36412000000007],[102.94261200000011,10.363758000000132],[102.94230700000008,10.363427000000115],[102.94213900000005,10.363240000000076],[102.94187200000016,10.363341000000105],[102.9414520000002,10.363609000000054],[102.94113200000004,10.36385800000005],[102.94084200000003,10.364070000000027],[102.9405900000001,10.364321000000189]]],[[[103.565809419,10.493426621000026],[103.56642563700001,10.493146464000063],[103.56695008300011,10.492881907000083],[103.567383001,10.492579566000018],[103.5674947120001,10.49174726900003],[103.56715811000015,10.491046416000188],[103.56699924000014,10.490405085000134],[103.56655296800017,10.490093442000045],[103.56581498300011,10.489876578000064],[103.5655260200001,10.489373459999968],[103.56563680000005,10.488744021000059],[103.56555849800014,10.48817779300009],[103.56497092000001,10.487683666000123],[103.56435306800006,10.487563771000055],[103.56358034100015,10.487864572000035],[103.56300363900004,10.48776587399999],[103.5624739650001,10.487817056000154],[103.56174451100014,10.487513124000088],[103.56104307600009,10.487148428000069],[103.56036958300007,10.486985227000162],[103.55959128500012,10.487323363000087],[103.55943167900011,10.488011299000163],[103.55930269900006,10.488886865000154],[103.55907832200006,10.48946794300008],[103.55893345400017,10.490465798000116],[103.55889375900017,10.491222340000036],[103.55833056200004,10.491694415999973],[103.55823759100008,10.492231310000022],[103.55807119400004,10.492991753000126],[103.55769850700005,10.493357228000093],[103.55714410600007,10.493883074000053],[103.55659023800007,10.494292502000008],[103.55577753500006,10.4949067230001],[103.55538224400016,10.495267614000056],[103.55486071000018,10.495533900000055],[103.55426201199998,10.495853569000133],[103.5531928530001,10.49615765800013],[103.55234767400009,10.495970226999987],[103.55183753800014,10.495730589000061],[103.55134545800007,10.49549998800012],[103.55083997400004,10.495233502000076],[103.55018650300002,10.494684253000003],[103.54936851800011,10.49448798200001],[103.5487164180002,10.494325601000185],[103.54788230700018,10.49467642000019],[103.54730470500016,10.495128705000184],[103.54734665600017,10.496221434999995],[103.54784117700012,10.496510263000118],[103.54830217199998,10.497003118000123],[103.5490460800001,10.497368304000133],[103.54959522900015,10.497585737999998],[103.55025192700015,10.497542323000062],[103.5507799450001,10.497340397000073],[103.55132330500015,10.497246157000063],[103.5519018600001,10.497249936000117],[103.55263427900007,10.497504179000089],[103.55304770900017,10.497917120000068],[103.55369472100006,10.497978789000115],[103.55438255600001,10.498542453000027],[103.55498284600014,10.499372640000047],[103.55564829100007,10.500112370000181],[103.55617510000019,10.500504470000124],[103.5566484430002,10.50079489500007],[103.55720294700006,10.501032304999967],[103.55780087500017,10.501211191000039],[103.55858789500007,10.501326870000128],[103.55928339100006,10.501404763000096],[103.55996423599998,10.501151606000178],[103.56055471400003,10.500609762000124],[103.56149184100019,10.499759855000036],[103.561979135,10.499367016000122],[103.56279017100013,10.498954290000086],[103.56357889000014,10.498701611000058],[103.56392076100008,10.498260065000125],[103.56382763400012,10.497400155000037],[103.56401452800009,10.496642939000083],[103.56429735900014,10.496137065000141],[103.56448383400004,10.495470603000058],[103.56484217600001,10.494965068000056],[103.56538556600003,10.494102693000059],[103.565809419,10.493426621000026]]],[[[103.56343446300019,10.508603773999994],[103.56318443100008,10.509148005000043],[103.56236380000013,10.509874516000025],[103.56271151100003,10.510426073000076],[103.5629193740001,10.510921536000126],[103.5635257570001,10.511081418000003],[103.56409567499998,10.51104702400005],[103.56470305800008,10.510989690000088],[103.56526388800012,10.510703980000073],[103.5656997390002,10.510416156000076],[103.56617359200004,10.510081763000187],[103.56641189500016,10.509615430000053],[103.56671261200006,10.509157708000032],[103.56669581699998,10.508564596000156],[103.56669362899999,10.507924682000123],[103.56620791800003,10.507428449000031],[103.5656870300001,10.507250557000077],[103.56510315300005,10.507275649000178],[103.56455098499998,10.507513483000139],[103.56404084500008,10.507751505000101],[103.56351624500019,10.508086515000116],[103.56343446300019,10.508603773999994]]],[[[103.54086614200008,10.522436151000079],[103.54100862900003,10.52307272500019],[103.54058432000005,10.52351590600017],[103.54037856800005,10.52421137000016],[103.54047159800012,10.524812576000159],[103.54092454200008,10.525473765000072],[103.54124691800013,10.5259273530001],[103.54165093799998,10.526403511000069],[103.54208324900014,10.526775868000072],[103.54242327200012,10.52718400800012],[103.5425729000001,10.52792600100014],[103.5426481940001,10.528860892000125],[103.5430146870001,10.52955369600005],[103.54359730900018,10.529908710000143],[103.54413878400015,10.53027708600007],[103.54460705800017,10.53068126300019],[103.54520800600017,10.531022807],[103.54579757300019,10.531648625999992],[103.54648974400016,10.532050440000035],[103.54700328600018,10.532249713000112],[103.54758679200012,10.531882941000106],[103.54760306600008,10.53133192600012],[103.54750091000017,10.530726163000168],[103.5474219190001,10.530048232000127],[103.54744280000011,10.529488203000028],[103.54697936400015,10.529025333000106],[103.54665316200015,10.528499851000163],[103.54675168800014,10.527931145000025],[103.54666745600008,10.52739773799999],[103.54695276600006,10.526906679000149],[103.54722886600018,10.526433648000022],[103.54715074100005,10.525570519000098],[103.54665037000012,10.525197821000177],[103.54600401800008,10.524806382000179],[103.54547463000017,10.524781369000152],[103.54492384300016,10.524453607000055],[103.54473494400008,10.523851964000073],[103.54445418700004,10.523371858000132],[103.54399500900007,10.522976760000176],[103.54354513100014,10.522545568000169],[103.54319658700007,10.521920604000172],[103.54295451100012,10.520979931000056],[103.54325387600011,10.520412149000151],[103.54309207500012,10.519873867000001],[103.54243508400003,10.519807609000054],[103.54186728200011,10.52016334100017],[103.54143569300004,10.520724506000136],[103.54104650500017,10.521209392000117],[103.54078226200005,10.521669251000048],[103.54086614200008,10.522436151000079]]],[[[103.53955416300016,10.557347958000094],[103.54007483700008,10.557486405000077],[103.54067945700018,10.557521257000133],[103.54133510900004,10.55744263500003],[103.54166239900013,10.557002284000077],[103.54108880200005,10.556149534000042],[103.54057118800017,10.555777325000065],[103.53978525800017,10.55569204700015],[103.53918336500004,10.555694068000037],[103.538124875,10.555766020000135],[103.53797120700011,10.556442509000021],[103.53863325300017,10.557065138000155],[103.53955416300016,10.557347958000094]]],[[[102.96340900000007,10.376311000000157],[102.96385200000014,10.376126000000113],[102.96425599999998,10.375992000000053],[102.96457700000008,10.375855000000058],[102.96483600000005,10.375828000000183],[102.96505000000013,10.375892000000135],[102.965263,10.376049000000137],[102.96559100000013,10.376170000000059],[102.96605700000015,10.37632300000007],[102.966721,10.376311000000157],[102.96732300000008,10.376101000000176],[102.9678340000001,10.375814000000048],[102.96826200000015,10.375450000000171],[102.9685060000001,10.375021000000174],[102.96843700000005,10.374581000000035],[102.9682160000001,10.374221000000091],[102.96797200000015,10.3739700000001],[102.96767399999999,10.373852000000113],[102.96736900000019,10.37366000000003],[102.96700300000009,10.373542000000043],[102.96662100000009,10.373394000000019],[102.9662090000001,10.373278000000028],[102.96576700000014,10.373152000000061],[102.965218,10.373221000000115],[102.96483600000005,10.37307700000008],[102.96443200000016,10.372904000000176],[102.96399700000006,10.372731000000044],[102.963638,10.372480000000053],[102.9632870000001,10.372270000000128],[102.96293600000001,10.372220000000084],[102.9625850000001,10.372220000000084],[102.96220400000004,10.372222000000022],[102.96180700000002,10.372222000000022],[102.96103700000009,10.372222000000022],[102.96071599999999,10.372222000000022],[102.96041900000012,10.372220000000084],[102.96015200000005,10.372222000000022],[102.95987700000006,10.372241000000031],[102.95958700000006,10.372350000000154],[102.95925900000009,10.372500000000116],[102.95886200000007,10.372660000000053],[102.95841200000018,10.372810000000015],[102.95793900000012,10.372952000000055],[102.95748900000018,10.372740000000078],[102.95714600000002,10.372316000000183],[102.95717600000006,10.371712000000116],[102.95730600000013,10.371046000000092],[102.95745800000009,10.37041000000005],[102.9574280000001,10.369882000000075],[102.95715300000006,10.369509999999991],[102.95675699999998,10.369280000000174],[102.95652800000005,10.369196000000159],[102.95625300000006,10.36930500000011],[102.95581800000014,10.369464999999991],[102.95530700000012,10.369661000000065],[102.95469700000007,10.369768000000022],[102.95407900000009,10.369950000000188],[102.95344500000004,10.37004800000011],[102.95294200000018,10.370271000000116],[102.95254500000004,10.370524000000046],[102.95225500000004,10.370830000000183],[102.95210300000002,10.371204000000034],[102.95217100000019,10.371561000000042],[102.95242300000007,10.371906000000024],[102.95259900000008,10.372309000000143],[102.95279700000009,10.372694000000024],[102.95303300000006,10.373066000000051],[102.953262,10.373500999999976],[102.95356000000015,10.373957000000075],[102.95391100000006,10.374464999999987],[102.9543000000001,10.374973000000125],[102.95469700000007,10.375399000000186],[102.95509299999998,10.375750000000096],[102.95551300000011,10.37594600000017],[102.95591000000007,10.376179000000093],[102.9563290000001,10.376422999999988],[102.95676400000008,10.37671499999999],[102.95723700000013,10.377018000000021],[102.95777900000019,10.377271000000178],[102.9583510000001,10.377512000000024],[102.95895400000006,10.377742000000069],[102.95959499999998,10.377740000000074],[102.96015900000009,10.377501000000052],[102.96064800000005,10.377234000000158],[102.96109799999999,10.377102000000036],[102.96161700000016,10.377312000000188],[102.96202900000014,10.377022000000181],[102.96246300000013,10.37673000000018],[102.96293600000001,10.376512000000105],[102.96340900000007,10.376311000000157]]],[[[103.30335466200012,10.629146688000048],[103.30309619900015,10.628602105000027],[103.30269716500015,10.628259380000031],[103.30196582600013,10.628117474000021],[103.30137405500011,10.62795476700012],[103.30088382500003,10.627555502000064],[103.30052880500017,10.627135416000101],[103.30016923600016,10.626749792000169],[103.29961426100016,10.626238089000026],[103.29913729100014,10.626593317000129],[103.29850911300002,10.626710622000132],[103.29787688700014,10.626771861000122],[103.29706510900013,10.626991632000113],[103.29655253300012,10.62748030300014],[103.29593235900018,10.628511574000129],[103.2958726220001,10.629067366000072],[103.29620498600008,10.629982563000056],[103.2966048090002,10.630627606000019],[103.29698477900001,10.631263380000064],[103.29716058200012,10.631781653000019],[103.29727569300013,10.632552481000062],[103.2973905820001,10.633528848000083],[103.29764077600004,10.633991483000102],[103.29788202000009,10.634497176000082],[103.29821937300005,10.634960281000133],[103.29874068800012,10.635256253000136],[103.2992495520001,10.635440075000076],[103.29975379500019,10.635671289000186],[103.3009293390001,10.635871652000162],[103.30154293800013,10.63603017000014],[103.30220271000019,10.636507951000112],[103.30337021100007,10.636587554000073],[103.30330014500015,10.636035189999973],[103.30332942200016,10.635294033000037],[103.30372964200006,10.634646404000023],[103.30450510700018,10.633890692000023],[103.3049604140001,10.63351378200008],[103.30540308900004,10.63301458799998],[103.30538571200015,10.632257268000046],[103.30494028200002,10.631634077000115],[103.30420405500013,10.631586991999995],[103.30368616800018,10.6314591740001],[103.30306683800012,10.631550668000045],[103.3028649490002,10.631019326000114],[103.30310734200009,10.630529181000156],[103.30322402500008,10.629917651000028],[103.30335466200012,10.629146688000048]]],[[[103.29205537900003,10.669775856000172],[103.29165972900017,10.669018820000076],[103.29100859700009,10.669053684000119],[103.29119496300007,10.669949705000079],[103.29171859800016,10.670855479000068],[103.292137029,10.670499538000172],[103.29205537900003,10.669775856000172]]],[[[103.23638702300008,10.778350139000167],[103.23700364800004,10.778097134999996],[103.23799221100006,10.778199940000093],[103.23851591300001,10.778842509000071],[103.239074087,10.779060384000047],[103.23976041200007,10.779104965999977],[103.24086527100008,10.778519111000094],[103.2415747820001,10.778507318000095],[103.24284256900006,10.777760786000158],[103.24347051900014,10.777426471000126],[103.244075114,10.77678352700002],[103.24461018700015,10.776600104000067],[103.24545953100005,10.777011722000168],[103.24605264800005,10.77726481500008],[103.24678561900004,10.77714917999998],[103.24733215400005,10.776712694000139],[103.24796009900001,10.77623033399999],[103.2485879350001,10.775815773999966],[103.2492973740001,10.775173409000047],[103.24993692200007,10.774609749000149],[103.25066979100006,10.774609367000096],[103.25126294300009,10.774609322000174],[103.2519609320002,10.774711574000094],[103.25330995299998,10.77438921099997],[103.25374021800019,10.77370005900002],[103.25410069100008,10.773172106000118],[103.25468228500006,10.773045429000035],[103.25536858100014,10.773044773000152],[103.25626402500018,10.772894996000105],[103.25671761900003,10.772469268000009],[103.25679871699998,10.771930700000041],[103.25606590200005,10.771425973000134],[103.25561199600014,10.770416565000119],[103.255193055,10.769487584000046],[103.25461109100019,10.768787082000188],[103.25385500500016,10.768455116999974],[103.25302922400016,10.768467417000124],[103.25193585300019,10.768112077000012],[103.25120276000018,10.76775763500018],[103.2502259150001,10.767608612000004],[103.24972540500005,10.76710405600005],[103.2488994540002,10.766416463000041],[103.24935301400006,10.766083801000093],[103.24995782700012,10.765841999000145],[103.25075976400012,10.763374025000019],[103.25086396300014,10.762249105000024],[103.25108478800018,10.76155990500007],[103.2514451350001,10.761100885000076],[103.25187551000005,10.76038913300016],[103.2521078010002,10.759791527000118],[103.25275901800018,10.759079886000109],[103.25271219000018,10.758529299000088],[103.25261915100003,10.75796602000014],[103.25342136400008,10.757426991000045],[103.253746896,10.756910141000105],[103.25373521600011,10.756209457000182],[103.25500250600015,10.755427822999991],[103.25593299200006,10.755335869000021],[103.256316734,10.75497980400013],[103.25671218400004,10.754474642000105],[103.25675836100004,10.753946046000067],[103.25672323800006,10.753246362000084],[103.25676958700006,10.752339207999967],[103.25665277299998,10.751088736999975],[103.25657114400008,10.749929997000038],[103.25666375200012,10.748976772000105],[103.25675660200017,10.74823034200017],[103.25653553799998,10.74762227600013],[103.25690719700009,10.746531620000155],[103.25734886200013,10.74504019599999],[103.25754616100005,10.744362155000147],[103.25830182400011,10.74321376000006],[103.2581854280001,10.742686512000148],[103.25863865200012,10.741917238999974],[103.25860347400004,10.740677395999967],[103.25844046400005,10.74005835500003],[103.2581843690001,10.73938116200003],[103.25757936400004,10.738819534000129],[103.25649766500015,10.738337729000136],[103.25597437300019,10.738373213000045],[103.25539278300005,10.738212875999977],[103.25495060500003,10.737604701000066],[103.25439226500004,10.736928067000179],[103.25338025900015,10.73655060600015],[103.25292664000017,10.73619435900008],[103.25326358900008,10.735276407000129],[103.25307727900014,10.73443913900013],[103.2532165140002,10.733922368000094],[103.25342554400004,10.732992396000043],[103.25363468400013,10.732142656000121],[103.25397193400016,10.73171852900009],[103.2543436000002,10.730822240999998],[103.25483199000007,10.729846373999976],[103.25526184100005,10.729065672000047],[103.25569186200016,10.728353902000151],[103.25621507700004,10.727331896000123],[103.25652891600015,10.726803670000152],[103.25747056400007,10.725643878000085],[103.25806347300005,10.725620078000077],[103.25884318800013,10.726548807000086],[103.25937810599999,10.726674974000161],[103.26002946600005,10.726571261000174],[103.26049459300009,10.72681229800014],[103.2610410640001,10.72661646600011],[103.26149452700002,10.726099182000098],[103.26198277800006,10.725892853000175],[103.26152898600014,10.724917358000027],[103.26144711000012,10.723597021000103],[103.26093528900014,10.723379455000043],[103.2607374120002,10.722863054000072],[103.26087667600018,10.72188748200017],[103.26053931600018,10.721084404000123],[103.26139986400011,10.721014626000056],[103.26192288800007,10.720670624000036],[103.26281817300014,10.719969348000063],[103.26446934400008,10.71901576300013],[103.26529503500007,10.718945781000002],[103.26621335000016,10.718462718000126],[103.26628295400002,10.717877743000145],[103.26685296900001,10.71780859400019],[103.26724845700005,10.718439097000044],[103.26807437299999,10.719183866000094],[103.26850480700011,10.719597593000117],[103.26888874100007,10.720101465000084],[103.2692378390002,10.720652604000122],[103.26920313100015,10.721180139000182],[103.26985481100007,10.721822233000182],[103.26997120900012,10.722453443000177],[103.2700412420001,10.723199657000123],[103.27050684900018,10.723910781000143],[103.27118142500007,10.724094202000117],[103.27137886700007,10.723382243999993],[103.2723207620001,10.723427023000056],[103.27296469500016,10.724281635000068],[103.27397240000016,10.723448615999985],[103.27365815400009,10.722794839000187],[103.27400686200014,10.722358315000122],[103.27507672900015,10.722253499000146],[103.27539051300016,10.721829211000056],[103.27619272300007,10.721518372000162],[103.27700680300012,10.721483326000111],[103.27751875600012,10.721781099000168],[103.27860026100018,10.72168876700016],[103.2794260610001,10.72215777800011],[103.28036838800017,10.722834232000139],[103.2808804190002,10.723372701000017],[103.28126456300015,10.724703757000043],[103.28170683700017,10.725403436000079],[103.28214903200006,10.72571324900008],[103.28296308000012,10.725735822000047],[103.28343968000007,10.725516961000153],[103.28414929600018,10.725619187999996],[103.28493994600007,10.725434826000026],[103.28555612900016,10.724677698000107],[103.28628848200009,10.724343846000181],[103.28692823800009,10.724067115000082],[103.2876022700001,10.72343573400019],[103.28812577000002,10.723308658000121],[103.28902096400003,10.723124861000144],[103.28962568900005,10.723032129000103],[103.28978820600008,10.72227475700015],[103.29006727400008,10.72161972900011],[103.28984596400011,10.720942744000126],[103.28967109900009,10.720185779000133],[103.28953111700008,10.719474209000055],[103.29001274600006,10.718511333000151],[103.29048427400016,10.717969692000167],[103.2911699240002,10.717096535000167],[103.29171639300006,10.716488174000176],[103.29207644100018,10.715960154000186],[103.29248313400018,10.715213159000086],[103.29284339200012,10.714340472000117],[103.29312233200011,10.71385833700009],[103.29364542700011,10.713341376000017],[103.2942728770002,10.712400088000152],[103.295086841,10.711871155000154],[103.29560991300013,10.711560991000056],[103.2960750310001,10.711295711000162],[103.29601635800009,10.71044671900006],[103.29615567299999,10.709746845999973],[103.29589949200005,10.70927647200017],[103.29581785500011,10.708703090000142],[103.2947827590001,10.70837084100009],[103.29358473800016,10.70810776400009],[103.29257301400014,10.708142908000127],[103.29186373800007,10.708189875000016],[103.29179363100002,10.707650454999964],[103.29167700600004,10.706950315000142],[103.2914091250002,10.705918236999992],[103.29108335500007,10.70537854600002],[103.29129241200002,10.70462142800011],[103.29136169300017,10.703829640000151],[103.2921872450001,10.703369709000185],[103.29259399800009,10.70286341100001],[103.29296581200015,10.70211735100014],[103.29331453300011,10.70166949899999],[103.2939539790001,10.701336240000046],[103.29461651899999,10.701163575000066],[103.29565151200012,10.700692346999972],[103.29623283900014,10.700484201000165],[103.29713964400014,10.700356936000048],[103.29768629500018,10.700322627000105],[103.29825593600015,10.70016074700004],[103.29905847700019,10.699931203000062],[103.29962798500009,10.699793047000185],[103.30023275899998,10.699631355000122],[103.3011979850001,10.699836633000075],[103.30162851000011,10.700444687000129],[103.30224535000019,10.701041327000098],[103.3027454010001,10.70137289500019],[103.30315285900002,10.702072360000045],[103.30375803800013,10.703174067000134],[103.3043279850001,10.703574947000106],[103.30480527700013,10.704045388000054],[103.30544492300015,10.704549480000026],[103.3057824340001,10.705192059000126],[103.30571322400004,10.70582338700018],[103.30551608700017,10.707063123000069],[103.30591164900005,10.707797551000056],[103.30657498500005,10.708255440000016],[103.30712158200004,10.70854205300003],[103.3078079300002,10.709126630000185],[103.3083900060002,10.710124244000099],[103.30866947400006,10.710777807000113],[103.30826273300005,10.711284127000056],[103.30839095300018,10.712167402999967],[103.30887956800001,10.712453699000037],[103.30935638700015,10.712189591000026],[103.3099841340001,10.711649436000187],[103.31071646600014,10.711361851000106],[103.31220489700007,10.710878335000075],[103.3127513180001,10.710682402000145],[103.31357668200019,10.710256315000152],[103.31442542600007,10.709682312000155],[103.31493683600007,10.708843178000166],[103.31534349500009,10.708349278000185],[103.31590139300005,10.707936428000096],[103.3153546920002,10.707511959999977],[103.31481954300006,10.7072717530001],[103.31422628000007,10.706847032000042],[103.313493322,10.706114177000075],[103.31302778800006,10.705425708000007],[103.31296907100005,10.704472746000079],[103.31305016500005,10.70391041300013],[103.3131313560001,10.703279146000057],[103.31317744000017,10.702694022000117],[103.31347944600014,10.702165654000112],[103.31395631000015,10.701889105000078],[103.31459548200007,10.701395329999968],[103.31519980600018,10.70069456400006],[103.31536246800016,10.70005130400017],[103.31531545000013,10.69920237000008],[103.31536123800004,10.698100803000159],[103.3147328120001,10.697011415000077],[103.31456947400005,10.696173153000188],[103.31405754399998,10.6957149750001],[103.31345240000019,10.694911618000162],[103.31311475500007,10.694188811000117],[103.3126375820001,10.693386145000147],[103.31227667500019,10.692582979000122],[103.31191573400008,10.691630642999996],[103.31134544700001,10.690931439000053],[103.31055442200005,10.690323705000083],[103.30975175000009,10.689601771000184],[103.30876274200011,10.688639253000133],[103.30812305600011,10.688146470000106],[103.30739021900018,10.688020454000025],[103.3065996160002,10.68800938700008],[103.30585519000005,10.687964667000074],[103.30529713400006,10.687793260000035],[103.3046921090002,10.687438527999973],[103.30425009800013,10.687151353000104],[103.3037846380002,10.686612045999993],[103.30324929300019,10.685797755000067],[103.30272544600012,10.684662590000187],[103.3025738830001,10.683767887000158],[103.3016087960001,10.683906160000106],[103.30084119000014,10.683562970000139],[103.30020142799998,10.683241945000134],[103.29935254800012,10.682772870000122],[103.29870078599998,10.681889006000006],[103.2985143260002,10.681005416999994],[103.29840942200002,10.680248836000032],[103.29825778500003,10.67931910100009],[103.29808285000001,10.678366640000093],[103.29788492400019,10.677850255000067],[103.29696616100011,10.677931136000097],[103.29631536400018,10.678414645000032],[103.29555958700007,10.678873848000137],[103.29512975000011,10.679173228000025],[103.29476945100004,10.67965492899998],[103.29444412800007,10.680574149000051],[103.29446779600005,10.681400350000104],[103.29395647700011,10.68191738400003],[103.29342191900014,10.682606060000182],[103.29422418900003,10.68246805200016],[103.29396860700007,10.683122088000061],[103.29331759200011,10.683283523],[103.2926315470001,10.683272995000038],[103.29193353100004,10.682951635000109],[103.29154953900007,10.682355127000108],[103.2906425380001,10.68242475000011],[103.28972416700003,10.682586972000024],[103.2889217140002,10.682553196000072],[103.28793325500004,10.682427998000037],[103.28668901200018,10.682073122000133],[103.28586333800007,10.681902476000062],[103.28473497600015,10.681513198000175],[103.28386279800009,10.681180694000034],[103.28316497100019,10.680676251000136],[103.28190746800016,10.680236965000006],[103.28137893400014,10.68008168800003],[103.28075744400002,10.679899102000036],[103.27980402700013,10.679589874000044],[103.27964093600019,10.678878177000058],[103.28072201700002,10.67832587900017],[103.28019843500005,10.677821257000176],[103.27954709900018,10.677432328000066],[103.27894218600011,10.676559990000158],[103.27881373800017,10.675631515000191],[103.27836034600011,10.675344246000122],[103.27801124600018,10.67464508400019],[103.278534149,10.674253577000002],[103.27845264700005,10.673611260000087],[103.27820787900004,10.67279628000017],[103.2774983490001,10.671787759000097],[103.27726550300002,10.671088107000116],[103.27748584700015,10.67020336400003],[103.27693934900003,10.66991671300002],[103.27638128000012,10.670365656000115],[103.27575355300019,10.670251452000059],[103.27466021300012,10.669689442000106],[103.27402067600008,10.669289268000057],[103.27325283500005,10.668646555000066],[103.27295017000012,10.668073081000045],[103.27233364900019,10.666834539000092],[103.2722403640002,10.666157126000087],[103.27256545800009,10.665640230999998],[103.27293757500007,10.665192527000102],[103.27314637100011,10.66422862100012],[103.27276219900011,10.663218500000085],[103.272599034,10.662472900000068],[103.27235470200003,10.661635317000105],[103.27271458700005,10.660671113000092],[103.27364446500007,10.659671632000084],[103.2729699630001,10.659144701000116],[103.27236512000002,10.65892665600012],[103.27173723700002,10.658743513000104],[103.27121385700008,10.658514617000037],[103.27074856200005,10.65796397600019],[103.2702832220001,10.65721896700012],[103.26989935800009,10.65671397500006],[103.2696201830002,10.656232166000109],[103.26948008900013,10.654992863000132],[103.26940987800009,10.654326881000088],[103.26908406800015,10.653454944000146],[103.26868850700004,10.653100186000131],[103.26822325400019,10.652594744000055],[103.2677233940002,10.652401005000058],[103.26707210900003,10.652217726000117],[103.26593256300009,10.65175940500012],[103.26539757100005,10.65166830100003],[103.26424655300019,10.651623504000156],[103.26337458000006,10.651980285000093],[103.26251435500006,10.652531498000144],[103.26179372200005,10.653094780000004],[103.26136377200015,10.653668714000105],[103.26067811600007,10.654358752000178],[103.26031798100007,10.65490934100012],[103.25973675000017,10.655667758000106],[103.25936478800014,10.656138049000049],[103.25933029000015,10.656780849000086],[103.25928410600005,10.657469916000025],[103.25879589200014,10.658192685000017],[103.258761203,10.659019681000075],[103.2588081470002,10.660006463000173],[103.25865745200008,10.660741280000138],[103.25865757100013,10.661372973000084],[103.25857649200009,10.662371473999997],[103.25825114600019,10.66297988499997],[103.25822804700016,10.663576416000069],[103.25817033400006,10.664483515000086],[103.25800776300002,10.665045368999984],[103.25791485100018,10.665562409000131],[103.2581245450001,10.666457434000051],[103.25785726200013,10.667100068000082],[103.25769488200018,10.667628020999985],[103.25747409700011,10.668431377000047],[103.25730016300008,10.669533325000089],[103.25750970300004,10.670153751999976],[103.258091305,10.671093791000033],[103.25803351500002,10.67226418700011],[103.2584057790001,10.6728493600001],[103.25870849400019,10.673308710000072],[103.25862731400002,10.674123014000145],[103.25841826200013,10.675121931000092],[103.25822094600016,10.675764955000034],[103.25786088600006,10.676798060000124],[103.25751219400013,10.677739697000163],[103.25719867600014,10.679025061000118],[103.25702458400013,10.679702110999983],[103.25679226900019,10.680620665000163],[103.25647882300018,10.681791893000081],[103.25622319299998,10.682641383000032],[103.25577028600009,10.683824260000108],[103.25515436600011,10.685041259000172],[103.25472463400007,10.68686612300013],[103.25429483100015,10.688151960000027],[103.2538533720001,10.689277263000179],[103.25316778700017,10.690585399000042],[103.25276117100009,10.691860060000067],[103.25218027000005,10.69319137600013],[103.25173877300006,10.694420638000054],[103.25133205700013,10.695511100000033],[103.2507744080001,10.696819942000104],[103.25013509700005,10.69792265600006],[103.2494028000001,10.699001118000126],[103.24862396800017,10.700023944000009],[103.24784514200019,10.701045637999982],[103.24739185599998,10.70158550300016],[103.24693863700008,10.702412399000025],[103.24636906800009,10.70305557200004],[103.24550887600014,10.704215794000106],[103.24471842300005,10.70501931399997],[103.24392774900014,10.705811533000087],[103.24285806900014,10.70663946400009],[103.24182334900013,10.707397530000094],[103.24075371800018,10.70786836700006],[103.23974215600015,10.708225395000113],[103.23799794100017,10.708869824999965],[103.23719548800011,10.709076602000152],[103.23648610800001,10.709192373000008],[103.23502087100002,10.709262050000007],[103.23417296400015,10.709509692000097],[103.23331177100005,10.710055814000157],[103.23283506600012,10.710342397000147],[103.23234646200018,10.709872928000095],[103.23184151600015,10.709711180000056],[103.231218565,10.70989591100016],[103.23029965700005,10.709839844000044],[103.22969488800015,10.70940361300012],[103.22954352699998,10.70880723300013],[103.22948528000006,10.707671234000031],[103.22977582300001,10.70673045000018],[103.22978719999998,10.706098834000102],[103.22939179900004,10.705617460000099],[103.2288333300001,10.705227821999983],[103.22801934400007,10.704470607000133],[103.2277167360001,10.704046260000098],[103.22750717000014,10.702898102000177],[103.22647205400011,10.701854864000154],[103.22568129400008,10.70182098600003],[103.22452997500011,10.701947778000033],[103.22344848300014,10.702052362000188],[103.22261123400006,10.702006910000136],[103.22139029300007,10.701973962000068],[103.22050664200003,10.702146334000133],[103.21965779000016,10.702572025000109],[103.21889029800008,10.702663693000034],[103.21768103700009,10.702929119000146],[103.21665751200004,10.702987680000092],[103.21566936700009,10.703297300000145],[103.21520431300019,10.703642683000055],[103.21393674799998,10.704010589999996],[103.21293684700015,10.704619587000025],[103.21230877300002,10.704803568000045],[103.21132047900016,10.705136902000106],[103.21001833700007,10.705700085000103],[103.20965796100006,10.70621668900003],[103.20916950900016,10.706459094000081],[103.20889053600007,10.70717052599997],[103.20893701900013,10.707767436000154],[103.2087047560002,10.708501736000187],[103.20813505300003,10.709396817000084],[103.20786755300009,10.709856321000075],[103.20742589300016,10.71034985500006],[103.20677475500008,10.711004902000184],[103.20613520500012,10.711728944000015],[103.20536793400015,10.71236071800007],[103.20450726600018,10.712796464000064],[103.20392595700008,10.713233813000102],[103.20330972700009,10.713440442000035],[103.20235613600016,10.714083564000134],[103.20193777200018,10.71469248000011],[103.20160051400018,10.715449894000074],[103.2013215930001,10.716196347000107],[103.20120525400017,10.716838646000042],[103.20122871600012,10.717412821000039],[103.20135667500017,10.718044099000053],[103.2014614690001,10.71858371500008],[103.20178704900007,10.719030816000043],[103.20296172600018,10.719603728000038],[103.20326424800015,10.720280083000091],[103.20391561500014,10.720463512000094],[103.2047179110001,10.72072690900012],[103.20469483000005,10.721347146000028],[103.20407844700009,10.722012553000127],[103.20377617600008,10.722552081000174],[103.20365994000002,10.723080252000102],[103.20316029499998,10.724148609999986],[103.20260211400006,10.724389470000062],[103.20203227000019,10.72457375800019],[103.20143914100004,10.724734183000066],[103.20085767799998,10.72591732300009],[103.20073010400012,10.72652565500016],[103.20082308600013,10.72742002200016],[103.20083476400004,10.728247251000141],[103.20083489200005,10.729095880999978],[103.2009631470001,10.729773494000028],[103.20189329200008,10.730013909000093],[103.20243995599998,10.72964529900014],[103.20276561500003,10.730322921000095],[103.2024401560002,10.73096513900009],[103.20233543500012,10.73157360700003],[103.20253333000005,10.732262920000096],[103.20291732300012,10.733318298000029],[103.20263840000007,10.734109947000093],[103.20224302100013,10.734787923000056],[103.20184758700009,10.735281708000116],[103.20118493600006,10.735890337000114],[103.20070800000002,10.736349747000133],[103.20006839400003,10.736877144000175],[103.19944059700009,10.73729161000017],[103.19895206400008,10.737682020000136],[103.19817301300014,10.73811820700007],[103.19777757000003,10.738852672000178],[103.19734715900006,10.738256928999988],[103.1972309370002,10.737670915000024],[103.19639346299999,10.737408420000065],[103.19619592400011,10.738154202000146],[103.19532388600004,10.738613570000098],[103.1945447060001,10.738877985000045],[103.19362595000007,10.739073787999985],[103.19277691700012,10.739074505000133],[103.19221845300007,10.738684798000122],[103.19182295200011,10.73798529200019],[103.1916949900002,10.73726135100003],[103.19200911000007,10.736320763000037],[103.19141583100009,10.735781695000185],[103.19079951300006,10.73560974100019],[103.19013652500013,10.73531208500009],[103.18922938000009,10.734807348000118],[103.1886826550001,10.733935201000179],[103.188240528,10.73296083300005],[103.18775214499999,10.732318412000097],[103.18708916200012,10.73226143900007],[103.1860541160001,10.732560503000116],[103.18541474100005,10.732664122000074],[103.18486805300012,10.732985241999984],[103.18440298299998,10.733272934000183],[103.18405411100008,10.733858492000138],[103.18387955700007,10.734386309000001],[103.18324008700006,10.734983729000078],[103.18272831000007,10.735580761999984],[103.18218203300012,10.736453312000094],[103.18184481500009,10.737095432999979],[103.18168196500011,10.737910333000116],[103.18218215600001,10.738392372000135],[103.18294971400013,10.739069203000042],[103.18344973800009,10.739435981000042],[103.18407779300009,10.739699549000022],[103.18464760500018,10.740387651000106],[103.18519425600005,10.74098408600014],[103.1856362150001,10.741316624000149],[103.18546207700007,10.74210886100002],[103.18585742300007,10.742832104000115],[103.18653190100014,10.74359991300014],[103.18670662300019,10.744289096000045],[103.18735777900008,10.744609292000064],[103.18754402200011,10.745378773000027],[103.18780003000018,10.746330589000138],[103.18807914500007,10.747431699999993],[103.18828847100013,10.747971927000037],[103.18857933000015,10.748636926000074],[103.18909131800007,10.749876124000082],[103.18920748300019,10.750564964999967],[103.18952153800012,10.751413160000084],[103.18991708700008,10.752009842000064],[103.19041729000014,10.75268736300012],[103.1909524030001,10.753547014999981],[103.19078959400008,10.754212764000101],[103.19078954200006,10.754844429000059],[103.1911504200001,10.755555037000022],[103.191476088,10.756277870000076],[103.19145280500015,10.756829169000127],[103.19096432900005,10.757059102000085],[103.19027827800005,10.757507099000065],[103.19031312300018,10.758275697000101],[103.1903132760001,10.75887233400016],[103.19022033900012,10.75965374599997],[103.19008065300011,10.76056031600001],[103.1897668060002,10.761064722000185],[103.18976672500008,10.761604856000133],[103.18962724800019,10.76276341300013],[103.18952274100013,10.763280339999994],[103.18954603200001,10.763877111000113],[103.18958090600006,10.764783568000041],[103.18992989100008,10.7656206690001],[103.19062779900008,10.766492573000164],[103.19113965600008,10.766848118000155],[103.1912560090002,10.767410403000042],[103.19154699100011,10.76820196400007],[103.1919308790001,10.768649419999974],[103.19244258200007,10.769223048000015],[103.19307070000013,10.769727297000088],[103.1939663780002,10.770783409000103],[103.19442009700015,10.77111601100006],[103.19495498499998,10.771252463000167],[103.19561797300014,10.77127553400004],[103.19664150500012,10.771205779000013],[103.1973511060001,10.771365845000105],[103.19844453700006,10.771456951000005],[103.19899099300017,10.771330177000038],[103.19989840400001,10.771089107000137],[103.20065420100013,10.770686696000155],[103.20108453099999,10.770388614000183],[103.20168944600005,10.770616994000079],[103.20243378200018,10.770605490000037],[103.20308501100016,10.770684976000041],[103.20387595300008,10.77008840000002],[103.20356185499998,10.769479769000043],[103.20430636800006,10.769582392000075],[103.20543445200013,10.769466883000064],[103.20559713500018,10.768916386000058],[103.20539934000004,10.768399960000124],[103.2047362780001,10.767666141000063],[103.2060157910002,10.767354885000088],[103.20658557900009,10.766952512000103],[103.20729495100016,10.766619873000025],[103.20807427300014,10.766584825000166],[103.20853951999999,10.766274503000034],[103.20896967400006,10.765907476000166],[103.20944666100019,10.765688751000084],[103.21015618600018,10.765619395000044],[103.210993428,10.765355284999998],[103.21215673200015,10.765514542000119],[103.21272671000008,10.765708798000048],[103.21328490100018,10.765915415000165],[103.21445954100017,10.765800138000145],[103.21536688900011,10.765420030000143],[103.21550607900008,10.764537166000082],[103.21608786500008,10.76437552900012],[103.21672746500008,10.764536279000083],[103.21734398199999,10.764639263000106],[103.21850706500004,10.764982688000032],[103.21913520800007,10.765246196000135],[103.22046120700008,10.765336298000136],[103.22119401000003,10.765438810000092],[103.22186862699999,10.765622351000104],[103.22239216100019,10.76594288300015],[103.2235903310002,10.766883138000026],[103.22417167600003,10.76708987000012],[103.22460229000018,10.767422297000167],[103.2252885650002,10.768202544000133],[103.22584708400012,10.769039689000067],[103.22595194200011,10.76981999800006],[103.22694061400017,10.770679941000026],[103.22769678700013,10.77059951300015],[103.22844115400017,10.770633149000105],[103.22897639100012,10.771447556000055],[103.22916244900006,10.771975206000036],[103.2295115340001,10.772571588000176],[103.22990724000016,10.772915111000088],[103.23018652700006,10.773672685000065],[103.2305938080001,10.774579022000182],[103.23080321900011,10.775462757000184],[103.23085009300007,10.77624273500004],[103.23043155500011,10.777655123000045],[103.23017582400018,10.778194939000116],[103.22989680600017,10.779101876000084],[103.22997846900012,10.779697859000123],[103.23039739000001,10.780225711000071],[103.23121143900016,10.78066089500004],[103.23181647900009,10.780729890000146],[103.23222335700001,10.78038529700018],[103.23272345200013,10.779685281000127],[103.23356093000012,10.77938608400018],[103.23453807700008,10.779683198000043],[103.23497983499999,10.779235968000023],[103.23542160500017,10.778442953000024],[103.23593372700009,10.77871820300004],[103.23638702300008,10.778350139000167]]],[[[103.7977917290001,10.404621550000115],[103.79765965100017,10.403915797000082],[103.79708834900015,10.403522905000045],[103.79650524600015,10.40369703000016],[103.796166728,10.40421132900019],[103.79660316900015,10.404521783999996],[103.79720386500014,10.404781362000165],[103.7977917290001,10.404621550000115]]],[[[103.79559193600005,10.435609839000165],[103.79601529100017,10.435223316000076],[103.79642913400005,10.434728673000109],[103.79686248900009,10.434322535000092],[103.79729554100004,10.433995000000039],[103.7976298960001,10.433519709000052],[103.79816313100008,10.43295181800005],[103.7987405990001,10.432497089000037],[103.79918353500011,10.43217941600011],[103.79958367700004,10.432667295000044],[103.80018441300018,10.432615509000073],[103.80076010800013,10.43262258100009],[103.80131661100006,10.432457631000148],[103.80166739200001,10.432876543000134],[103.80218795000013,10.433025880000173],[103.80267541900002,10.432742758000188],[103.80302465300014,10.432267515000035],[103.80272372800005,10.431789835000131],[103.80284487100005,10.431259697000144],[103.80302545400014,10.430759255000112],[103.80328557700005,10.430224723000094],[103.80373948100015,10.42963196200003],[103.80417748500014,10.429304436000109],[103.80479241000012,10.42943446999999],[103.80520789900015,10.429804489000162],[103.80577428200002,10.429649393000147],[103.80636104100017,10.429356811000048],[103.80658619000008,10.428881097000158],[103.8071673680002,10.428750616999992],[103.80768755000008,10.428998203000049],[103.80808317000009,10.42937305900017],[103.8084888300001,10.42971847500013],[103.80890398800017,10.430176923999966],[103.80942624600004,10.429879181000103],[103.80996742000002,10.429827151999973],[103.81055359800007,10.429686860000118],[103.81113483000019,10.429541632000166],[103.81166548400006,10.429646778000176],[103.8121310410001,10.429903979000073],[103.81285999300019,10.430068812999991],[103.81325854300013,10.429672344000153],[103.81385451700004,10.429566474000126],[103.81451447000006,10.429603310000118],[103.81511019900006,10.429561302000025],[103.8156647420002,10.429912174000094],[103.81622478600013,10.430120590000115],[103.8169201120001,10.4299905150001],[103.81734362399999,10.429554831000132],[103.81785659600018,10.429085088000079],[103.81834010200004,10.428531714000087],[103.81888727500007,10.428204570000048],[103.8194684500001,10.428074064999976],[103.81999038100008,10.427859823000006],[103.82054634900004,10.427832396000156],[103.82119670700001,10.427780751000057],[103.82185286100014,10.427508046000128],[103.8223597700001,10.427328134000163],[103.8228374570001,10.427000726000074],[103.82320163800011,10.426500945000043],[103.82330814700015,10.425892134000037],[103.82311652700008,10.425375570000085],[103.82285541000005,10.42486366300011],[103.82258456700009,10.424297680000052],[103.82208493300016,10.423863502000017],[103.82166955800017,10.42345911200016],[103.82111891099999,10.42339321500009],[103.82052919300003,10.423555134000082],[103.819981385,10.423525600000119],[103.81945733000009,10.423515806000069],[103.81885008700004,10.423454610000135],[103.81832235500008,10.423366192999993],[103.81772728900006,10.423234293000121],[103.81717622600019,10.423016088999987],[103.81662146200011,10.422727121000094],[103.81616185100017,10.422473879000052],[103.81575425800014,10.42211471000013],[103.81549804300016,10.421622470000045],[103.81535711500004,10.421091351000086],[103.81533934300018,10.420541039],[103.81541719700004,10.419900681000172],[103.81562971700004,10.419347290000132],[103.81603200800004,10.41900683800003],[103.81614943000011,10.418402001000118],[103.81507199600014,10.41879104600008],[103.81445294600007,10.418706218000182],[103.81412184900017,10.419117676000099],[103.81378677100014,10.419533051000087],[103.81315804900015,10.419904103000079],[103.8126131520001,10.420157554000184],[103.81206902500014,10.420206629000063],[103.81144986600015,10.420149305000109],[103.81072791300016,10.41997761600004],[103.8101728910001,10.419759386000123],[103.80962973700008,10.41955298900018],[103.80895201000004,10.419236042000136],[103.80840112600015,10.418974588000026],[103.80779092800009,10.418650029000048],[103.80722074600016,10.41824308200006],[103.80657516200006,10.417827989999978],[103.80603653600008,10.417476183000076],[103.80566085900017,10.417081748000044],[103.80532888400012,10.41667961600018],[103.80501731600009,10.416132138000023],[103.80485672300006,10.415557710000087],[103.80474390500012,10.414948087000027],[103.8046569280001,10.414358054000104],[103.80457531500002,10.413476533000107],[103.80462252600012,10.412808555000083],[103.80466922900018,10.412273220000088],[103.8049296100001,10.411664991000123],[103.8054123980001,10.411298322999983],[103.80593887700007,10.411187291000033],[103.80664440800007,10.410973751000142],[103.80694888700015,10.410513071000025],[103.80743156,10.410175879000008],[103.80779055400006,10.409735051000155],[103.80815455000015,10.40928441699998],[103.8083601460001,10.40872511100008],[103.8084911520001,10.40820482700019],[103.8086969520001,10.407591477999972],[103.80881866400006,10.406904121000025],[103.80882612300002,10.406245819000105],[103.80867444199998,10.405675356000074],[103.80851841700013,10.404942751000135],[103.80827774600004,10.404283526000029],[103.80794719000005,10.403771353000025],[103.80741702800003,10.403548300000125],[103.80682634800002,10.403580490000138],[103.80633579500005,10.403382147000116],[103.80581052500008,10.403178762000096],[103.80512980999998,10.403397306000045],[103.80465726000017,10.40368540600008],[103.8042232680001,10.404273338000053],[103.8037303210001,10.404703834000145],[103.8030990220002,10.40497659800019],[103.80256655900007,10.405357816999981],[103.80201034900006,10.405458909000004],[103.80141850400003,10.40579568600009],[103.80106941300005,10.406241453999996],[103.80079472200015,10.406697327000188],[103.8004999960001,10.407202253000037],[103.80036406900012,10.40770777500012],[103.80040101100013,10.408430108000118],[103.80020032800013,10.408999254000094],[103.79995531300005,10.409479800999975],[103.79987392100008,10.410000265000065],[103.79964385200014,10.410466127000063],[103.79934889100014,10.41103000600009],[103.79902419100011,10.4115839480001],[103.79857491400014,10.412270067999998],[103.79814589800014,10.412848180000083],[103.79770716400009,10.413372213000173],[103.79728884200011,10.413748936000161],[103.79672088600006,10.414321612000151],[103.7958490850001,10.41518300399997],[103.79512719900009,10.415774747],[103.79461935500012,10.416200258000117],[103.79404718000012,10.416576395999982],[103.793520747,10.416672670000139],[103.7929257780001,10.416523041000119],[103.79237508000017,10.416476748000093],[103.79188467099999,10.416239077000057],[103.79130376300009,10.416305666000142],[103.79081382800013,10.415945175000104],[103.79037346600012,10.415599611000061],[103.78987376200018,10.415199777000055],[103.78932812300002,10.415128935000041],[103.78878815100012,10.414876337000123],[103.788253274,10.41458936400005],[103.787628386,10.414478916000178],[103.78691747800013,10.41479555899997],[103.78651899500016,10.415172342000176],[103.78598168799999,10.415514205000136],[103.78545415200006,10.415895411000065],[103.78491107800005,10.416443591000132],[103.7844134880001,10.416780689999996],[103.78396993600018,10.417260468000109],[103.7839777650002,10.417800913000121],[103.78378674300001,10.418429035000088],[103.78350644300008,10.419042079000178],[103.783340269,10.419660469000178],[103.78306048300016,10.420140868000033],[103.78301372100003,10.420681106000131],[103.78292233100007,10.421211349000089],[103.78252343200006,10.421691291000172],[103.78205497900007,10.422190622000187],[103.78218689500017,10.422726626000099],[103.78245787000014,10.423238596000033],[103.78309258400003,10.423378572000047],[103.78363273700006,10.423586966000073],[103.78389886500008,10.424069439000107],[103.78448374300012,10.424263264000047],[103.78504435900015,10.424314523000135],[103.78561522600006,10.424282302000051],[103.78595102800011,10.424715908000053],[103.78630656900015,10.425179067999977],[103.78654258400007,10.425749857000085],[103.78693765800006,10.426257381000141],[103.78727852399999,10.426666443000045],[103.78752484400013,10.427139013000044],[103.78756685100018,10.427826976000063],[103.78755452900003,10.428445950000139],[103.78746700200014,10.429261156000052],[103.78736074600005,10.429786431000082],[103.78718928500018,10.430488321999974],[103.78706296500002,10.431067564000159],[103.7869067530001,10.431676166000045],[103.78667166500014,10.432146908999982],[103.78643610100005,10.432740474000184],[103.7858790410001,10.433047868000017],[103.7853623330002,10.433188380000104],[103.78512687700004,10.433752465000168],[103.78509508000019,10.434273108000127],[103.785236854,10.434828801000037],[103.78558219100006,10.435365618000105],[103.78578344900001,10.435941187000083],[103.78595008100012,10.436487150000005],[103.78641018100001,10.436867190000044],[103.7868652840001,10.43725703400014],[103.78723072400015,10.43773005600002],[103.78774580500004,10.438012046000097],[103.78834641800006,10.437994672000059],[103.78904601000005,10.438051365000035],[103.789516575,10.438293880000117],[103.79017619700005,10.438419199999998],[103.7907263260002,10.438622712000154],[103.79129217900004,10.438610113999971],[103.79186834000018,10.438499296000089],[103.792331257,10.438152234000142],[103.79285435600002,10.437643270000137],[103.793352202,10.437247206000052],[103.79389948599999,10.436900457000036],[103.794456889,10.436504618000072],[103.79503429100004,10.436069548000091],[103.79559193600005,10.435609839000165]]],[[[103.81297901900007,10.542147528000044],[103.81268637700003,10.541538733000039],[103.81215366200013,10.540484032999984],[103.81172198200011,10.539563693000048],[103.81135690000008,10.538930701000083],[103.81072787000011,10.53777515000013],[103.8105121980002,10.537271916000066],[103.81023311199999,10.536821358000111],[103.8099156770001,10.536375161000024],[103.8098573370001,10.535827058000052],[103.80964642900005,10.535342979000063],[103.80939191300013,10.534882662000086],[103.80911075500012,10.534434208000107],[103.808948445,10.53388810700011],[103.80864566600013,10.533403682000085],[103.80844962100014,10.532828744000142],[103.80810808600006,10.532363315000111],[103.80786833700017,10.531836062000082],[103.80758054699999,10.531227283000078],[103.80730219200012,10.53068074600003],[103.80706722300016,10.53016786500018],[103.80680543500017,10.529714697000145],[103.80658506700007,10.529177946000061],[103.80643237800012,10.5286462360001],[103.8062020860001,10.528176439000049],[103.80579238500019,10.527835161000041],[103.80569292400003,10.52729408000016],[103.80551589600014,10.526805343000092],[103.80525181000013,10.526321063000182],[103.80499269400019,10.525803304000078],[103.80472849900008,10.525347735000139],[103.80443281500015,10.524908792000133],[103.80419298400011,10.524405462000061],[103.80389487300005,10.523968901999979],[103.80365984200006,10.523475161000079],[103.8033425770002,10.522990679000145],[103.80303498100011,10.522506233000058],[103.802664327,10.522074182999972],[103.80220625200002,10.521742288000155],[103.80173846800005,10.52141992700001],[103.80146952100012,10.520945195000024],[103.8010016670001,10.520641970000042],[103.80057275500013,10.520271906000175],[103.8001000490001,10.519973446000165],[103.79957898900017,10.519674807000058],[103.79908663000003,10.519457617000057],[103.79853117300019,10.519302393000146],[103.79801928600017,10.519132979000176],[103.79739093200004,10.519073178000099],[103.7968493350001,10.519085477000147],[103.79627855700011,10.51914073200004],[103.7957223790001,10.519172114000128],[103.79514135500017,10.519375663000176],[103.79458426600019,10.519641506000085],[103.79400780000009,10.519916844000079],[103.79341738300019,10.520048577000068],[103.79290908900003,10.520199762000061],[103.79237135700015,10.520460889000105],[103.79185727900006,10.520856084000002],[103.79142553000014,10.521218096000098],[103.79100343100009,10.521584931000177],[103.7906728430001,10.522043029000088],[103.7902774210001,10.522388432000128],[103.78986493300005,10.522769655000161],[103.78936494200013,10.52327016900017],[103.7889088600001,10.523670364000168],[103.78848432800015,10.524039578000156],[103.78803797100005,10.524425455000028],[103.78764485500005,10.524797180000121],[103.78721076000011,10.525137643000164],[103.78651173100008,10.525838359000034],[103.78637178400015,10.526385702000141],[103.78585361900014,10.526584686000092],[103.78545558800016,10.52697552899997],[103.7850670790001,10.527404686000068],[103.78465668600018,10.527864862000115],[103.78431169100014,10.52829418500005],[103.78391365500005,10.528685026000119],[103.78356639999998,10.529073668000137],[103.78321184600014,10.529474244000028],[103.78292470100013,10.529946850999977],[103.782509355,10.530435716],[103.78217878600015,10.530884230000026],[103.78194960700006,10.53137141500008],[103.78158270500012,10.531836540000086],[103.78128090000007,10.532347368000103],[103.78141408900018,10.532907719000036],[103.78183083800013,10.533294513000044],[103.78231795500017,10.533616977000065],[103.78283470500014,10.533781654000109],[103.78330022400019,10.534063361000051],[103.78383652400015,10.534175477000076],[103.78448910000014,10.534230616000116],[103.78549155600012,10.534464012000058],[103.78551771600019,10.535053255000093],[103.78511151100003,10.535550002000036],[103.78433339500015,10.535652218000166],[103.7837648970002,10.535871947000146],[103.78323464400006,10.535930311000186],[103.78261066300007,10.535980547000065],[103.78185720200014,10.536161301999982],[103.78114405700006,10.536348132],[103.7805146880001,10.536424980000163],[103.77998319400018,10.536434575000158],[103.77921422500003,10.536465107000026],[103.77862915500015,10.536458065000147],[103.77766761800007,10.536272527000051],[103.77714456100006,10.536481047000109],[103.77653299500008,10.536254273000168],[103.77584960600012,10.53623679500015],[103.77525656800009,10.535799071000156],[103.77504122300013,10.535228829000062],[103.77422039400011,10.53492420100008],[103.77351038400019,10.534720484000161],[103.7729297370002,10.534818720000146],[103.77231622500005,10.534668008999972],[103.77211021800014,10.534183929999983],[103.7715703400001,10.533755978000102],[103.77090557900004,10.533117001000107],[103.77029355200011,10.532593066000175],[103.76959508100015,10.531920464000109],[103.76915172700006,10.531540729000085],[103.76882023600007,10.530998745000147],[103.76866300400002,10.53040958600019],[103.76805858900002,10.530407236000144],[103.76757739200008,10.52981681700004],[103.76703581800007,10.529819497000119],[103.76671969500012,10.53027761800007],[103.76573603200018,10.530800131000092],[103.76454423400014,10.531374463000134],[103.76399698300008,10.531587649000016],[103.76345441200004,10.531839134000165],[103.76283963800012,10.532008991000055],[103.7622831540001,10.532112085999984],[103.76157218600008,10.532152372000155],[103.76084154900008,10.532273921000126],[103.75968097200007,10.532293303000131],[103.75895683800002,10.531998588000022],[103.75837682600019,10.531938895000167],[103.75791862000011,10.531650004000142],[103.75732450500004,10.531489772000043],[103.75669132800016,10.531425083000101],[103.75607294400015,10.531288678000067],[103.75550819000017,10.531042430000127],[103.75495101500013,10.531317765999972],[103.75452909200015,10.531627127000093],[103.75386428700011,10.532213058000025],[103.75202613400018,10.533588658000156],[103.75153165700004,10.53390251500008],[103.75100381400011,10.534096615000124],[103.750444254,10.534216082000171],[103.74982340200017,10.534460428000159],[103.74909252600008,10.534871063000082],[103.74818645900018,10.53532683300017],[103.74761004400017,10.535573369000133],[103.74687767800015,10.536120735000111],[103.74615080300015,10.536505435000151],[103.74555398100017,10.537015056000143],[103.74447353700009,10.537541895999993],[103.74355770800008,10.538016753000136],[103.74300206400011,10.538270841000042],[103.74261845600017,10.538666464000187],[103.74204715800016,10.53884123500012],[103.74152435200006,10.538982703000102],[103.74087155000007,10.53898489200003],[103.74043022600011,10.539303725000025],[103.73999381200008,10.53960343600005],[103.73951256000004,10.539877421000085],[103.73884105600007,10.540072549000058],[103.73833222500019,10.54034326100009],[103.73779492700015,10.540479879000031],[103.73713099100007,10.540840881000065],[103.73655653100019,10.54060413100018],[103.73600981500005,10.54067850500013],[103.7349254090002,10.540985190000185],[103.73429774100015,10.540753007000035],[103.73369446300012,10.540468287000124],[103.73305174200016,10.540370017000157],[103.73244739500018,10.54034845800004],[103.73217958800012,10.54080194800008],[103.731978578,10.541499554000097],[103.7313548240001,10.541492271000095],[103.7309559300001,10.54207442700016],[103.73064234900005,10.54251184200018],[103.73024642500013,10.542932857000096],[103.72997055200011,10.543538868000098],[103.72990333400008,10.544055925000123],[103.72969317200011,10.544600555999978],[103.7295365830002,10.546231567000007],[103.72932655500006,10.546742703000064],[103.72945987000014,10.547250435000137],[103.72936990400018,10.547963019999997],[103.72918405400009,10.548474254000041],[103.72941844300004,10.549097227000175],[103.72919369200014,10.549660937999988],[103.72935642400012,10.550192672000094],[103.72964397300001,10.550701064000066],[103.72952548600006,10.551293911000187],[103.72946989900004,10.551877442000091],[103.72948684500017,10.552461262000065],[103.7296537160002,10.553040903000124],[103.72972397300009,10.553596229999982],[103.72946927300012,10.554306915000097],[103.72893213300011,10.554341694000016],[103.72881340500004,10.55381488100005],[103.72758912800009,10.553229939000175],[103.7272137220001,10.552797789000124],[103.72661919700005,10.552733192000176],[103.7261198490001,10.553042195999979],[103.72562798100012,10.553296204000048],[103.72506132800004,10.553509239000164],[103.7244955230002,10.55351652600018],[103.72394629800016,10.553607614000043],[103.72382811200015,10.554123902000129],[103.72335763500018,10.554466512999966],[103.72290898700004,10.554792463000126],[103.72254947300013,10.555197722000173],[103.72199783500014,10.555286404000071],[103.72168623900012,10.555797123000104],[103.72119867200018,10.555594186999997],[103.72081115300017,10.555169161000038],[103.72025933600008,10.555300903000102],[103.71971703400015,10.555470962000015],[103.71876527600011,10.555842716000086],[103.71834101000013,10.555534765000061],[103.71861479500018,10.554813364000154],[103.71838966000007,10.554295688000138],[103.71748059700013,10.55370107300007],[103.71691009700015,10.553674835000038],[103.71659034300018,10.553235723000114],[103.7165296230001,10.55271871300016],[103.71678860800012,10.55206902600014],[103.71729986100007,10.551805543000057],[103.71771262800002,10.55138614800012],[103.71776322200014,10.550845667000033],[103.71626972800004,10.551089474000094],[103.71570604800007,10.549929539999994],[103.71519997500008,10.548888137999995],[103.7155828710001,10.548517538000056],[103.71563344800012,10.547981842000183],[103.7158679530001,10.547403826000107],[103.71597669300019,10.546834871000044],[103.71593111600009,10.546164809000175],[103.71614593900017,10.545668056000011],[103.71663614500005,10.545229839000115],[103.71673507600013,10.544694338000113],[103.71675182000013,10.544153718000132],[103.7172269420002,10.543854201000158],[103.71764899400011,10.543525758000044],[103.71822072200013,10.543250551000085],[103.71876793800016,10.543056588000127],[103.71945453300003,10.54306893800009],[103.71991516300011,10.54276457100002],[103.72046219800018,10.542613669000161],[103.72099111800003,10.5421660290001],[103.72177163500004,10.541681127999993],[103.72238233900015,10.541334299000027],[103.72301301300007,10.540834433000043],[103.72357072100004,10.540439539000033],[103.72393513000009,10.540015157000084],[103.72463513000008,10.539118424000094],[103.72509689100002,10.53853653200008],[103.72539898600007,10.537977919000127],[103.72569630300006,10.537404932000072],[103.72577579400019,10.536888488000159],[103.72602690300005,10.536425075000068],[103.72622013400013,10.53583760600003],[103.72626646300017,10.535153557000001],[103.72655856800009,10.534671460000027],[103.72681678400016,10.53419879400019],[103.72724866100009,10.533827311000096],[103.72760326600019,10.533431592000113],[103.72805904000006,10.533127191000062],[103.72849081600009,10.53277962900006],[103.72909591300015,10.532614588000172],[103.72966642,10.532631230000163],[103.73032503700006,10.532385058000045],[103.73089619000018,10.532243801000163],[103.73155498200015,10.531954561000191],[103.73204448200016,10.531678999000121],[103.73257735800019,10.531437104000076],[103.73348350900011,10.530962239000132],[103.73408115600006,10.530655426000067],[103.73450171000007,10.530282070000112],[103.73523719700006,10.530155814000125],[103.73573160300015,10.529861124000092],[103.73615488200005,10.529221639000014],[103.73631666800014,10.528676809000046],[103.73637225300018,10.52808849000013],[103.73635062800008,10.527461582000171],[103.73637409900016,10.526447281000173],[103.73643453800008,10.525854196000012],[103.736378677,10.525322852000102],[103.7363617900001,10.524719889000039],[103.73646089100009,10.524131742000122],[103.73670482800009,10.523596809000026],[103.73689595100018,10.52297074900008],[103.73710614100014,10.522411755000007],[103.7372440740001,10.52178548400019],[103.73736711200019,10.52125485200014],[103.73744743200007,10.520527868000045],[103.73748538000018,10.519518407000078],[103.73754610700013,10.518853550000074],[103.73753430300007,10.518188404000114],[103.73708447500013,10.517038238000112],[103.73683495900013,10.51656832599997],[103.73633864100009,10.51615006500009],[103.73582319800016,10.515679093000017],[103.73556451900015,10.515084736000176],[103.7355196040001,10.514487013000178],[103.73552659800015,10.513955919000125],[103.73553848900013,10.51341048900008],[103.7358450810001,10.51292365200004],[103.73598790200009,10.51228304700004],[103.7360490370001,10.511517708000042],[103.73583356400013,10.511000083000113],[103.73595195900003,10.51042158100006],[103.73592547600009,10.509799441000098],[103.73583148300003,10.509133968000185],[103.73550421100015,10.5086293170001],[103.73526171400005,10.508095662000073],[103.73509762800018,10.507533264000074],[103.73467037200015,10.506708313000104],[103.73432993400007,10.50619363800007],[103.73390209000019,10.505513964000158],[103.73361050900013,10.50501885400007],[103.73316198800006,10.504610284000023],[103.73287029100015,10.504144227999973],[103.73269638500017,10.503591477000157],[103.73281615000002,10.503020524000078],[103.73252532200013,10.502341397000123],[103.73221448599998,10.501768727000183],[103.7315514240002,10.501175279999984],[103.73067413600006,10.50031947499997],[103.7302252720001,10.499998068000139],[103.7294670010001,10.498848624000061],[103.72877101300008,10.49875202800007],[103.72807539900009,10.49856388000012],[103.72738082299998,10.498261573000036],[103.72688311600012,10.497993965000148],[103.72570088900011,10.497688574000165],[103.72465331900008,10.498107093000044],[103.72345135500012,10.499064131000011],[103.72313995000002,10.499989039000184],[103.72257127600005,10.500248254000041],[103.7220811310001,10.500449672000173],[103.7215810350001,10.50068979100007],[103.72092400399998,10.501016443000083],[103.72030607600004,10.501352937000036],[103.71979515800001,10.501844823000056],[103.7191873330001,10.50210387300018],[103.71810880700002,10.5025934680001],[103.71732446500016,10.502938969000184],[103.71679508600016,10.503159590000053],[103.71596141200007,10.503601738000043],[103.71546110800006,10.503890272000092],[103.71492198200008,10.504101163000087],[103.7142759940001,10.504367644000183],[103.71370246600003,10.50464084600003],[103.71318168300002,10.504889940000055],[103.71240791100013,10.504934651000099],[103.71172496600002,10.504937864999988],[103.71064650100004,10.505425448000096],[103.70978381000003,10.505635461000168],[103.709021844,10.505966902000182],[103.70833714400004,10.506192213000077],[103.70744453700019,10.506530724000072],[103.705628687,10.507184801000108],[103.70487468099998,10.507447838000132],[103.70375139800007,10.507831012000054],[103.70263608200014,10.508145790000128],[103.70167489599999,10.50834714600012],[103.70110634500014,10.50835242200003],[103.700560656,10.508403410000142],[103.69999953700005,10.508469542000114],[103.69931613100016,10.508383108000032],[103.6985793610001,10.50819761300005],[103.6980272610001,10.507944446000181],[103.69770656700001,10.507471735000081],[103.69715462800008,10.507180552000023],[103.69639389100013,10.507215445000156],[103.69573277200004,10.507311569000137],[103.6952019380002,10.507484261000002],[103.69464821500009,10.507618840000077],[103.69387169900017,10.507752503000006],[103.69281790299999,10.508052291000126],[103.6919796320002,10.508254123000142],[103.69134149500007,10.508365539000124],[103.69068770500013,10.508545318000131],[103.68972663900001,10.508716223000022],[103.68912694600004,10.508820190000165],[103.68851944100015,10.508954538000069],[103.68795803300009,10.509089075000134],[103.68758904800018,10.509472727000059],[103.686884093,10.509355089999985],[103.68612616500019,10.50934112200008],[103.68544908500013,10.50938616600007],[103.68475276400017,10.509407206000049],[103.68366937500014,10.509493625000005],[103.68300671900005,10.5095578640001],[103.68226682400018,10.509593071999973],[103.68114512000011,10.509593197000072],[103.68054070500011,10.509605040999986],[103.67993155500011,10.509592940000175],[103.67936597900007,10.509566661000008],[103.67883431000001,10.509526172000108],[103.6782157360002,10.509456610000086],[103.67753941000018,10.509324603000039],[103.67700800500018,10.509221907000097],[103.67642366300015,10.509061574000043],[103.67586386200009,10.508815215000027],[103.67523252100017,10.508338887000036],[103.67474063200007,10.508040178000101],[103.67431676300009,10.507665196000175],[103.67379179000005,10.507189309000125],[103.67344568400006,10.506718956000043],[103.67330390800004,10.505952798000067],[103.67357671500014,10.505470675000026],[103.67384960500016,10.504969412000037],[103.67360023700013,10.504489893000084],[103.673597954,10.503891786000054],[103.67345068700018,10.50327871800016],[103.67390176700002,10.502940884000054],[103.67374491300001,10.502308637000056],[103.67354403799999,10.501795828000184],[103.67319785800015,10.501344613000072],[103.6728613890001,10.50088386900012],[103.67231515100019,10.500862447000145],[103.67181787100009,10.500697684000102],[103.67176716100016,10.500118515000054],[103.67122502500007,10.500269361000107],[103.67078863600011,10.500564190999967],[103.67029437500014,10.500825285000076],[103.6696316340001,10.500913420000188],[103.66914658900004,10.501279817000011],[103.66851748300002,10.501415940000186],[103.66803774500016,10.50167230500017],[103.6675293020001,10.501856780000082],[103.66695868500005,10.50188309300006],[103.66642609000013,10.502062678000073],[103.66579628600005,10.502361474999987],[103.66519651700008,10.502421157000128],[103.66466426700009,10.502519398000004],[103.66388073799999,10.502587873999971],[103.66324165300017,10.502795715000047],[103.66259365899998,10.502826482000046],[103.66198376700015,10.502991379000093],[103.66137908000013,10.503070173000026],[103.66065881000003,10.503043212000023],[103.66019434400016,10.502648278000038],[103.65961162000008,10.502589026000066],[103.65904192900013,10.502400017000184],[103.6584621200002,10.502316227000165],[103.65837319100001,10.501636416000167],[103.657885797,10.501423828000156],[103.65746716300004,10.500962723999976],[103.65709708300011,10.50045397700012],[103.65671671500013,10.500088726000172],[103.6562637450001,10.499742308000123],[103.65592707800005,10.499334181000165],[103.65545681500015,10.499633629000073],[103.65488661700005,10.499564229000043],[103.65447226800012,10.499232327000072],[103.65385944800005,10.498957002000111],[103.65334127300008,10.499155765000125],[103.65273622100011,10.49932066700012],[103.65214141799999,10.499351635000039],[103.65157093100015,10.499349214000063],[103.65078280300014,10.499365008000154],[103.6500288310001,10.499309174000132],[103.64938126100014,10.499244220000094],[103.64885445400017,10.499203702000102],[103.64813955600016,10.499057117000177],[103.6471416550001,10.49894999899999],[103.64657679700008,10.49876577300006],[103.64605549000004,10.498572164000109],[103.64553395900015,10.498431183000037],[103.64489220600007,10.498141362000126],[103.64445348800018,10.497857192000083],[103.64398611700017,10.497491560000014],[103.64344168600013,10.497058610000067],[103.64307626300018,10.496597715000064],[103.64256142500005,10.496030920000123],[103.64217212200009,10.495502937000083],[103.64186023800005,10.494960930000104],[103.64159671500016,10.494414345000052],[103.64147325500005,10.493901853000125],[103.64128406100002,10.493202847000191],[103.64179392500012,10.49242952800006],[103.64224522500018,10.49204389200014],[103.64288902400006,10.491860037000095],[103.6435188000001,10.491566071000136],[103.64393621300013,10.491189859000087],[103.64388576200008,10.490562845000056],[103.64347198000013,10.490106530000048],[103.64278271500007,10.489629902000047],[103.64219803499998,10.489560418000167],[103.64165335200016,10.489877048999972],[103.64118506700004,10.490144611999995],[103.64062889600012,10.490190082000026],[103.64002944300017,10.490182734000143],[103.63936789800005,10.490002870000183],[103.63915735400002,10.489504357000044],[103.63862567100017,10.48947815800011],[103.63823734500005,10.489835351000067],[103.63763728700013,10.489966752000043],[103.63711922600015,10.49014156600009],[103.63654872100011,10.49014868900008],[103.63600311900007,10.48998845400007],[103.63548528700005,10.490110635000121],[103.63443689300016,10.49003319000002],[103.6338672170001,10.48976875599999],[103.6334820140001,10.489413033000119],[103.63318963400008,10.488837611000122],[103.63266831500005,10.488653552000073],[103.63234722300012,10.488011021000148],[103.63193429900002,10.487363308000113],[103.63140230700009,10.487408866000123],[103.63116310800012,10.487934154000072],[103.63089982100007,10.488440200000014],[103.63043876400002,10.488844916000119],[103.63003096700015,10.489230718000044],[103.62958018900014,10.489496720000034],[103.62903233700013,10.489848427000084],[103.62887510800016,10.490421914000024],[103.6285683270001,10.490922982000086],[103.62833368000014,10.491510488000074],[103.62818575900002,10.492165355000168],[103.62774842400017,10.492670645000032],[103.62740334000006,10.49308542500006],[103.62706798800019,10.493485890000045],[103.62654837600019,10.494009962000064],[103.6265792420001,10.494684739000036],[103.62646294000007,10.495842129999971],[103.62590515400007,10.496251204000089],[103.62507129,10.496610140000087],[103.62412722700014,10.496907490000012],[103.62354118000007,10.497093959999972],[103.62278163900004,10.497260511000036],[103.62219644900011,10.497305821000054],[103.62150477200015,10.497379375000094],[103.62086122700009,10.497500984999988],[103.6202420460001,10.497579638000047],[103.61972863099999,10.497792716999982],[103.61913805300014,10.497962400000063],[103.61846070600018,10.498074288000112],[103.61790020000018,10.498004865000155],[103.61720421600012,10.497958774000153],[103.61679637000015,10.49834934300003],[103.61628800199998,10.498514594000142],[103.61566839300013,10.49868892800015],[103.61518381100001,10.49894040300012],[103.61484835200008,10.499359991000176],[103.61442105700013,10.499774394999974],[103.61385980000017,10.499872425000092],[103.61343744600003,10.500262925000072],[103.61290457900009,10.500499833000163],[103.61242410000006,10.500913998000044],[103.61180667400009,10.501681631000054],[103.6112698880001,10.502097350999975],[103.61071089400002,10.502384973000176],[103.61010113700013,10.502516276000108],[103.60950120100006,10.502614126000026],[103.60893989600004,10.502721716000053],[103.60830121600014,10.50283374899999],[103.60772912700014,10.503190093000171],[103.60750461700002,10.5036627880001],[103.60774424700014,10.504132734999985],[103.60807593000015,10.504560024000114],[103.60839308800013,10.504992033000065],[103.60886399200018,10.505640026000094],[103.60912262400007,10.506186611000146],[103.6093802480001,10.506958069000177],[103.60955611400004,10.507633475000091],[103.60966016700007,10.508150676000184],[103.60978259300003,10.508883264000076],[103.60987199099998,10.509433891000072],[103.61012746100016,10.51068859000003],[103.61022667900005,10.511205769000128],[103.61035820100005,10.512067585000182],[103.6104263580001,10.513043952000032],[103.61050018200018,10.51383374400001],[103.61049282400012,10.514398303000121],[103.61056260800001,10.515011044999994],[103.61063724500008,10.515619022000124],[103.61069190600006,10.516370453000036],[103.61066533399998,10.516906220000067],[103.61062404500007,10.51748976600004],[103.61053718700015,10.518532443000026],[103.61049031200008,10.519283428000108],[103.61039940900008,10.520149053000068],[103.61031856300019,10.520928599000058],[103.61021330100016,10.521760666999967],[103.6101287950001,10.522277039000073],[103.60996188100012,10.522840897000037],[103.60991521700004,10.523544038000182],[103.61005277500004,10.524137938000138],[103.61032600900006,10.524665449000167],[103.61038612100009,10.525278148000154],[103.61065475900011,10.525753006000173],[103.61094767700018,10.526204049000114],[103.61141020700006,10.526569708000068],[103.61195407600002,10.527127111000084],[103.61212575900015,10.527658962000146],[103.61193980500019,10.528155750000053],[103.6120244810001,10.528682434000075],[103.61258923500009,10.52889543300006],[103.6128917210001,10.529370437000068],[103.61315078000013,10.529826115000105],[103.61339518500017,10.530315219000101],[103.61373607800004,10.53085259500017],[103.61409661200003,10.531323069000166],[103.61449621100013,10.531707588000074],[103.61439151000008,10.53241526000005],[103.61424412700006,10.532936144000132],[103.61405701700005,10.533691304000115],[103.61384117400002,10.534384133000117],[103.61352729999999,10.53537318399998],[103.61335552399999,10.535941806000153],[103.61313509700017,10.536577201000057],[103.61288989600001,10.537346456000023],[103.61262038500018,10.5381443120001],[103.61229341200004,10.538817516000051],[103.61193147200015,10.539739368000141],[103.61172597500007,10.540279132000023],[103.611462216,10.540871271000071],[103.6110033980001,10.541830975000096],[103.61067865900014,10.5425161390001],[103.61054968600018,10.543088740000144],[103.60996692800012,10.543702384000085],[103.60953029700016,10.54402582300014],[103.60913183000014,10.544464259000165],[103.60877612900009,10.54507034600016],[103.60844475300001,10.54564304700017],[103.608045339,10.546291999000061],[103.60768043500019,10.546792782000182],[103.60725230600002,10.547374625000089],[103.60677070700007,10.548018430000184],[103.60635263400002,10.548514190000162],[103.60581743200015,10.549248667000086],[103.60516581600007,10.550063967000028],[103.60460200800014,10.550707407000175],[103.60390222600012,10.551479429000096],[103.60285776800004,10.552551358000073],[103.60174574100017,10.553594276000183],[103.60123577800016,10.554089623000039],[103.60051247100006,10.55471320600003],[103.59980360700001,10.555351207000172],[103.59933294700016,10.555707971000004],[103.59887204900008,10.556045635000089],[103.59800393300014,10.55661115600003],[103.5964961470001,10.557480049999981],[103.5954492210002,10.558020843000065],[103.59497430600004,10.558248396000181],[103.59442673000007,10.558504330000005],[103.59370486000017,10.558807332000072],[103.59278003100013,10.559080723000022],[103.59197593200014,10.559388141000056],[103.59144351100002,10.559500598000056],[103.59084295800017,10.55970844300009],[103.59033902600004,10.559935856000152],[103.58966561200009,10.560215143999983],[103.58944531100008,10.56080744999997],[103.58956854300015,10.561760482000125],[103.58886186900014,10.561503399000117],[103.58849154700005,10.561061560000041],[103.5878072500002,10.56054654900015],[103.58744204900006,10.560042534000104],[103.5869069110002,10.55969086500005],[103.58639103100012,10.55935842100007],[103.58582208900015,10.558997029000011],[103.58537379400008,10.558688807000124],[103.58465966400013,10.55835547200013],[103.5840838800001,10.558434232000081],[103.58401386700012,10.557883689000107],[103.58378890300014,10.557380298999988],[103.58352991500004,10.556915032000177],[103.58299597000018,10.55630499400013],[103.5824476520001,10.55566618500012],[103.58201442300003,10.555238413000097],[103.58162462200005,10.55482997300004],[103.58142506600007,10.554058759000156],[103.58103063300018,10.553607237000108],[103.58066094500015,10.553031428000168],[103.58015932400014,10.552756452000153],[103.57957532500001,10.552519386000085],[103.57913698200008,10.55215378600019],[103.57888301800006,10.551650262999999],[103.57842078500005,10.551222357000142],[103.57806026999998,10.55075663200006],[103.57785967299998,10.550215071000082],[103.57763050200015,10.549577690000035],[103.57723744200013,10.548829527000066],[103.57692521600006,10.548378372000116],[103.5766371250001,10.547936893999974],[103.57619912199999,10.547499525000148],[103.57604206600018,10.546953374000168],[103.57568643900015,10.546478099000183],[103.57507298600007,10.546341368000128],[103.57460052400006,10.546037813000169],[103.57390696400006,10.545446183000081],[103.57349285600009,10.545071119000113],[103.57310798300011,10.54464834100014],[103.57282012000002,10.544159014000059],[103.57244491900013,10.543736279000143],[103.57243952100009,10.543176506000123],[103.57202456300018,10.542619575000117],[103.57148501100016,10.542186530000095],[103.57108053900009,10.541821075000144],[103.570495951,10.541717960000028],[103.56989085600014,10.541868333000139],[103.56921391800006,10.541870057000096],[103.56865390600012,10.541680925000094],[103.56809906200004,10.541420048000077],[103.56792259399998,10.540892949000067],[103.56762037200002,10.54037484700001],[103.5671336640001,10.540018586000144],[103.56641178600006,10.539283280000063],[103.56591989400005,10.539003546000174],[103.56529998600007,10.53922082600019],[103.56468589000008,10.539227611000115],[103.56428289600012,10.539589412000169],[103.56381240700017,10.539907842000048],[103.56385836300007,10.540424784000152],[103.56412216300004,10.540885298999967],[103.56452144000014,10.541327290000027],[103.56425309200011,10.541847589000042],[103.56402684200009,10.542674292000129],[103.56385018300011,10.543233285000099],[103.56380886100004,10.543802458000016],[103.5636806650001,10.544337749000022],[103.56351877600014,10.544839392000029],[103.5631255080001,10.545186877999981],[103.56247060800007,10.545648007000068],[103.56203761400013,10.546220186000085],[103.56176462200011,10.546697399000038],[103.56195523000008,10.547301121000032],[103.56259234200002,10.547548028000165],[103.56318483000001,10.548033961000101],[103.56297249800002,10.548985122000033],[103.5626497770001,10.549758754000095],[103.562171192,10.550775690000023],[103.56179281100003,10.552080152000144],[103.56137740900016,10.553025604000027],[103.56098445000003,10.5543443520001],[103.56080910100019,10.555547627000067],[103.56093108700014,10.556140449999987],[103.56041234700007,10.556783205000158],[103.55994195000011,10.55704287500015],[103.5594511340002,10.557566939000026],[103.55917288800009,10.558130248000168],[103.55864748400012,10.558812042000056],[103.55805863800009,10.559617944000138],[103.55760568900018,10.560314418000019],[103.5573710270001,10.56086356999998],[103.55697645900017,10.561483760000158],[103.55674700700018,10.561951596000142],[103.55638657200012,10.562509739000063],[103.55605562000011,10.562967542000024],[103.55577259500001,10.563516471000014],[103.55535408800012,10.564083917999994],[103.55488210100009,10.564713318000031],[103.55460892200011,10.565224011999987],[103.55424355600007,10.565801267999973],[103.5539602570002,10.566407608000077],[103.55355557700011,10.567118648000076],[103.55283302700019,10.568588974000079],[103.5525209330001,10.569147335000025],[103.55221857700013,10.569691386000159],[103.5517837540001,10.570641512000066],[103.55140890700011,10.571175658000072],[103.55084730099998,10.572350075000145],[103.55020885700009,10.57340930700002],[103.5497418120001,10.574010010000109],[103.54944428300007,10.574554078000176],[103.54907441700004,10.575054753000131],[103.54884494000015,10.575522581000087],[103.548533281,10.575985245000027],[103.54797853800005,10.576724294000144],[103.54716032300013,10.57795971600001],[103.54669771900001,10.578641773000072],[103.54595283800012,10.579705286000035],[103.54556825200012,10.580248948000076],[103.54511560600014,10.580868847000147],[103.5443807260001,10.581860633000133],[103.54381102100012,10.582690508000155],[103.5432519580001,10.583314697000162],[103.5427608650001,10.583881782000105],[103.54227064900005,10.584262278000153],[103.54182433800014,10.584561638000025],[103.54131315400014,10.584262633000094],[103.54039874800014,10.58435409000009],[103.54060424100015,10.584871769000017],[103.54098917500005,10.585280233000105],[103.54150027400016,10.585598376000007],[103.54154374500007,10.586263204000147],[103.54079123899999,10.587255315999982],[103.54022730200018,10.587884261000056],[103.53965870799999,10.58847490400018],[103.53931312399999,10.588946966000151],[103.53887077900009,10.589428151000106],[103.53843724000018,10.590091187000041],[103.53793370800008,10.590698097000029],[103.53715266800015,10.591755011999965],[103.53674396100013,10.592279409000128],[103.5361710680001,10.592964080000172],[103.53575156700009,10.593513983000094],[103.53493791400001,10.59452591500019],[103.53433290700013,10.595214774000056],[103.53383561500004,10.595739424000158],[103.5334948950001,10.596201933000145],[103.53313375000016,10.596600396000156],[103.53276080500012,10.59701187700017],[103.53207048299998,10.597769393000135],[103.53131200000001,10.598622278000107],[103.53065121200007,10.599269883000147],[103.53014065400009,10.599851207000086],[103.52975179200007,10.600265641000078],[103.52934377100019,10.600641708000012],[103.52878535200006,10.601117547000058],[103.52829445100002,10.6016319740001],[103.52747062200018,10.602309687000115],[103.526862145,10.602816607000136],[103.52639576200005,10.603259380000054],[103.52603042700014,10.603686322000044],[103.52543315300005,10.604317024000181],[103.52502044100004,10.604659570000138],[103.5243804160001,10.6050058350001],[103.52392839900011,10.605477379000035],[103.52327863000005,10.6058379480001],[103.52231364400018,10.606378846000098],[103.52170750800008,10.606715694000059],[103.52113731600019,10.606863296000029],[103.52060356100014,10.606988006000051],[103.52007160000011,10.606985504000022],[103.51952581800009,10.606839401000059],[103.5190530810001,10.606588385000123],[103.51847395800007,10.606336867999971],[103.51814241300008,10.605890351000085],[103.51784027900015,10.605362638000031],[103.51728452700019,10.60527868600019],[103.51669564500008,10.605046255000047],[103.51625835300018,10.6054700090001],[103.51616152500014,10.606021491000092],[103.51588014700013,10.606678691000127],[103.51569345100012,10.607285436000154],[103.51535773400019,10.60770488300011],[103.51472342800008,10.607864560999985],[103.51430110100006,10.608192693000149],[103.51371915900006,10.608524855000098],[103.5126798280001,10.608804208000038],[103.512479106,10.609384167000144],[103.51138886000007,10.609375033999981],[103.5108699700001,10.609669212000028],[103.51028434300008,10.609762130000036],[103.50976053700003,10.609896770000034],[103.50916597900004,10.609836538000025],[103.50865708300006,10.610063780000132],[103.50797022300009,10.610089228000106],[103.50733123800006,10.610215376000099],[103.50665437800018,10.610173887000087],[103.50615240100012,10.6099705580001],[103.50558774600006,10.60972865400015],[103.5050764510001,10.609453513000005],[103.50497268200013,10.608912379000174],[103.50452911500008,10.608632773000124],[103.50460946800007,10.608020748000058],[103.50438482400017,10.607474259000014],[103.50432016300005,10.60684719000011],[103.50418259300005,10.606296327999985],[103.50366116700008,10.606116825000186],[103.50311046900015,10.605989809000107],[103.50267272300016,10.60550928400005],[103.50236077900013,10.605015005000098],[103.50204374700019,10.604573330000107],[103.50230092900011,10.604046885000116],[103.5017715140001,10.603522862000034],[103.50124511700017,10.603372039000078],[103.500904187,10.602872837000177],[103.50027444600005,10.603089920000116],[103.49991948900009,10.603485335000016],[103.49960791600017,10.603909662000035],[103.50012880100019,10.604199209000114],[103.50034894700008,10.604673917000127],[103.50075145400007,10.605015094000066],[103.5011842890001,10.605509953000023],[103.5015493800002,10.606014053000024],[103.50195850500006,10.606413110000062],[103.50219260700004,10.607002707000106],[103.50218523300015,10.607524174000162],[103.50234698000014,10.608075152000083],[103.50253283900014,10.608640600000172],[103.50234655800011,10.609156429000109],[103.5020728990001,10.609738826000068],[103.501683431,10.610268041000097],[103.50128894000017,10.610835506000058],[103.50081756100013,10.611302132000105],[103.50042393000018,10.611692578000088],[103.499675024,10.612540632000105],[103.498739871,10.613326030000053],[103.49802121400012,10.613920648000033],[103.49705525600018,10.614648046000013],[103.49664988199999,10.615150774000028],[103.49615703699999,10.615440407000108],[103.49523214300001,10.616115697000055],[103.49471608600004,10.616402055000094],[103.49391737800005,10.616455887000143],[103.49315891200018,10.617275168000162],[103.49321897100009,10.61784958300018],[103.49282874900013,10.61852709599998],[103.49285443600002,10.619206604000055],[103.4921916240001,10.619256052000082],[103.4915813290001,10.619444500000043],[103.49102674500006,10.620106867000061],[103.49066682400002,10.62052138100006],[103.49027666699999,10.621184537000033],[103.49023039200017,10.621744089000174],[103.48958703100016,10.622755287000132],[103.48978139200017,10.623555214000021],[103.49028635100007,10.624136553000028],[103.49068494000011,10.624712595999995],[103.49118215700014,10.62490157500008],[103.49168794500008,10.625315462000174],[103.49217478900005,10.625647922000155],[103.49283059600003,10.626043391000053],[103.49324879400018,10.626566897000032],[103.49374850700019,10.627234325000018],[103.49416645400004,10.627810457000066],[103.49493595100006,10.628694475000032],[103.4954940340001,10.62929520099999],[103.49605744800004,10.629795476000083],[103.49659666100013,10.630300421000072],[103.49695216300006,10.630790131000083],[103.49754808000006,10.63156805900013],[103.49765794000012,10.632185081000046],[103.49769342500014,10.6328407150001],[103.49804905100007,10.633306503000085],[103.49861805900008,10.63365370300005],[103.49892525000018,10.634133611000152],[103.49929893900008,10.634862630000157],[103.49948005800007,10.63540891700012],[103.49981500100017,10.636818059000007],[103.49998152000018,10.637383415999977],[103.5001189950001,10.637953417000176],[103.50033324800012,10.638648181000121],[103.50052897400013,10.639175403000024],[103.50064722200017,10.639721387000066],[103.50054738500017,10.640357237000103],[103.50040457600016,10.64087805500003],[103.50003251300001,10.641794883000046],[103.5001139740001,10.642357546000142],[103.50035323100008,10.642884974000083],[103.50015962600014,10.643407939000099],[103.50022298700014,10.644298142000139],[103.50046418300002,10.644923660000188],[103.50039665400004,10.645875435000164],[103.49979207600012,10.646367728000143],[103.50040545800005,10.64654768500003],[103.5008826940001,10.64687530700013],[103.50135320000015,10.646600063000108],[103.501837959,10.64637751100014],[103.50243832900014,10.646251199000176],[103.50348371700011,10.646612632000142],[103.50441566900014,10.646928065000054],[103.50514726199998,10.64716838400011],[103.50573172700012,10.647329056000103],[103.50681046900002,10.647795891999976],[103.50797430800014,10.64816983500009],[103.50909704900005,10.648541185000113],[103.50983108300005,10.648779111000067],[103.51131600000008,10.649271789000181],[103.51146597000002,10.64876774400011],[103.51182122800014,10.648319694000179],[103.51241190400015,10.648198104000073],[103.51354945800011,10.647012177000079],[103.51595857000012,10.64967292800003],[103.51656577200009,10.650455356000123],[103.51709400500005,10.651088505000189],[103.5178573390001,10.652362438000182],[103.51818880600013,10.652832882000041],[103.51850310399999,10.653353479000032],[103.51879983900011,10.65400556600008],[103.51915154,10.654794270000139],[103.51930379700008,10.655316493999976],[103.51929692900006,10.65584713200019],[103.51952631900019,10.657052582999995],[103.51965550000011,10.657744604000186],[103.51979715000016,10.658271915],[103.51994504700019,10.659162201000129],[103.51998318500017,10.659860368000068],[103.52013220700007,10.660517997000056],[103.51998216300007,10.661527147000072],[103.52010917900009,10.662420240000131],[103.51999491900006,10.663158742000121],[103.52039160400011,10.664104948000102],[103.52026304600014,10.66493918399999],[103.52043868400011,10.665815919000181],[103.52029707900004,10.666485862000116],[103.51979177800007,10.667255627000088],[103.52049321900006,10.66735361100001],[103.5211479250001,10.667502632000037],[103.5217978660001,10.667637275000061],[103.52236393200008,10.66761124300001],[103.52317810000011,10.667562160000159],[103.52386456000005,10.667646735000119],[103.52438112700008,10.667854901000112],[103.52482951400015,10.668158436999988],[103.52527703000004,10.668643776000124],[103.52580941200006,10.669084062000138],[103.5262612590002,10.669674678000149],[103.52662899799998,10.670152461000157],[103.52692652299999,10.670646663000184],[103.52723977100015,10.671392120000121],[103.52745955800015,10.671957721000126],[103.52773954400004,10.672578624999971],[103.52797382300014,10.673149078000051],[103.5281598470001,10.673695382000119],[103.52844481300002,10.67428760000007],[103.5284226340001,10.674875984000096],[103.52841265100005,10.675442895000003],[103.52846800200007,10.676002938000067],[103.52862757300005,10.676518016000045],[103.52878395300002,10.677193361000093],[103.52921252900012,10.677597271000081],[103.52976013200009,10.677894090000052],[103.53023286400008,10.67816902800007],[103.53072352000004,10.678740685000037],[103.53129027,10.679080651000106],[103.53165995500012,10.679661310000085],[103.53215981300013,10.67982871900017],[103.53252995899999,10.68031368800007],[103.53298224400004,10.680818180000074],[103.53328714800006,10.681290879000187],[103.5335209590001,10.68196180199999],[103.53399393000007,10.682188891000067],[103.53442126099998,10.68184641500011],[103.5347812330001,10.681427069000051],[103.53481303300009,10.680848298000058],[103.53586287000019,10.680314967000072],[103.53681314200009,10.680369653000184],[103.53732953500008,10.680620860999966],[103.53787511300015,10.68083871500005],[103.53851436700006,10.681193364000023],[103.53901090900013,10.681549736000022],[103.539540768,10.682021093000003],[103.54000583800013,10.682384492000153],[103.54042939300007,10.682831429000089],[103.54078522600014,10.683278047000101],[103.54115255000016,10.683851506000053],[103.54145020200008,10.684326558000066],[103.54177208500016,10.684792157000174],[103.54194092300008,10.685398180000107],[103.54223362700014,10.68589713199998],[103.54251388400019,10.686470185000076],[103.54270463800015,10.687045211000054],[103.54288299200016,10.687684771000022],[103.54309775400014,10.688298187000157],[103.54319419400014,10.688870382000175],[103.54334625000013,10.689445229000057],[103.54348382100005,10.690015223000103],[103.5436189150002,10.690597168000068],[103.54375623300018,10.691219791000151],[103.54389614400014,10.691806542000108],[103.5436004840002,10.692756186000167],[103.54309492300018,10.692948687000182],[103.54328563600006,10.693533282000146],[103.54391396,10.69421411500008],[103.54417243100016,10.694735932000185],[103.5445152850001,10.695213154000044],[103.5446586330001,10.695745332000058],[103.54472384900015,10.696271928999977],[103.5448927870001,10.696858814000166],[103.54495950000018,10.697579190000056],[103.54502421300015,10.698211044000118],[103.54503821500003,10.6988259150001],[103.54510347500013,10.699342941000054],[103.545180684,10.699891125000136],[103.54523097800006,10.700503773000037],[103.54510241900005,10.701086881000151],[103.54508338800014,10.702034119000189],[103.54505609900008,10.702684681000164],[103.54480977500015,10.703284684000153],[103.54441063100018,10.703621818000158],[103.54408934100002,10.704041352000047],[103.54431885300005,10.704606992000151],[103.54461407100013,10.705089210000097],[103.5446544830001,10.705744872000139],[103.54469741600019,10.706379016000028],[103.54465572499998,10.707005587000083],[103.54468943900014,10.707543998000176],[103.54469151300015,10.708122929000183],[103.54470564800016,10.708709095000188],[103.54464983000014,10.709254264000094],[103.54447306900016,10.709798868000007],[103.54440019300017,10.710370275000116],[103.54432970200014,10.710948866000138],[103.54427149899999,10.711486847000174],[103.54422877300004,10.712328716000115],[103.54423823000019,10.712881365999976],[103.54400121100002,10.71338023800007],[103.54394550300003,10.713901483000086],[103.54405891400012,10.714466581000124],[103.54404394900018,10.71506696199998],[103.54394949400012,10.715597599000091],[103.54402424800008,10.716152947000069],[103.54403361000016,10.716724735000128],[103.5439149180001,10.71726482300005],[103.54365278700016,10.717822680000097],[103.5436305360002,10.718562481000106],[103.54345131100018,10.719114249000086],[103.54310594600014,10.719504959999995],[103.54285683600011,10.720001379000166],[103.54296295300009,10.72057361900005],[103.54289275200006,10.721090014000083],[103.54338945000012,10.72142725000009],[103.54392758500018,10.721700089000024],[103.54455224300017,10.721583398000064],[103.54493174900011,10.721135430999993],[103.54520724900016,10.720684585000186],[103.54558684200003,10.720217479999974],[103.54618808500015,10.719938003000038],[103.54674861700016,10.720079368000142],[103.5471287100001,10.720521313000177],[103.54764496100006,10.72031081299997],[103.54817235600012,10.720298917999969],[103.548606033,10.720664561000149],[103.54923841600004,10.72044981300013],[103.5496947040001,10.720131377000087],[103.5501800180001,10.719813077000026],[103.55055203900008,10.719410518000188],[103.5513018630001,10.7194235770001],[103.55181953200008,10.719655485000146],[103.55200075500005,10.720206544000177],[103.55203212000009,10.720732983000119],[103.5521430940002,10.721305245000053],[103.55225886000017,10.721887100000117],[103.55284331400003,10.722085978000052],[103.5532574670001,10.722489802000098],[103.55370080700004,10.722860267999977],[103.55386800100018,10.722291689000087],[103.55390206900017,10.721739239000044],[103.55433898100006,10.721425490000115],[103.55487217200005,10.721212662000084],[103.55545258600011,10.721244063000142],[103.55609666600009,10.721622632999981],[103.55662736500005,10.721936084999982],[103.5571196100002,10.722196730000178],[103.55764574300014,10.722452744000009],[103.5581106210002,10.722873543000105],[103.55825529000003,10.723484234000125],[103.558475391,10.72400198000014],[103.55830129800006,10.724496368000189],[103.55860391500016,10.724957082000117],[103.55920850500007,10.724993373000189],[103.55975481200011,10.725077238000097],[103.56028197100011,10.725117951000186],[103.56079123600006,10.72536192300015],[103.56133722800013,10.725512767000168],[103.56183956500018,10.725687331000074],[103.56230258900013,10.725990894000006],[103.56319033000011,10.726002168000093],[103.56375499900003,10.726296631000025],[103.56423274400004,10.726557196000158],[103.56496491100012,10.726726665000058],[103.56530142100007,10.72718650400003],[103.56572082100018,10.727508998000076],[103.56626920500008,10.727667023000095],[103.56688237200007,10.727937779000115],[103.56741345500006,10.72817466400005],[103.56791546300019,10.728420987000106],[103.56842001700005,10.72864100400011],[103.56891230600019,10.728896846000112],[103.56933641400008,10.729248066000082],[103.56977503700006,10.72959935199998],[103.5701524320001,10.73011063700011],[103.57040669200018,10.730571120000093],[103.57052737700013,10.731143424000038],[103.57063127600009,10.73168455300015],[103.5705753590002,10.732258438000088],[103.57087804899999,10.732709573000022],[103.57121933000008,10.733184809000079],[103.57163381500004,10.733526412000003],[103.57211614800002,10.733844407000106],[103.57251828200009,10.734240975000091],[103.57293767500005,10.73456824699997],[103.57331091500004,10.73493597400011],[103.57383240700005,10.735158454000043],[103.57439226600007,10.735452878000103],[103.57489357500009,10.735852291000185],[103.57511618600012,10.736358078000023],[103.57478648300008,10.737163525000142],[103.5754767750002,10.737362088000111],[103.57586674300012,10.737775344000056],[103.57642969000005,10.737928635000003],[103.57686842500004,10.738260776000061],[103.57710814000006,10.738730758000031],[103.57758781100006,10.739103752000176],[103.5778856340001,10.739564430000087],[103.57819560799999,10.740013202000114],[103.57835284100014,10.741050951999966],[103.57881537500003,10.74146814200003],[103.57919783800014,10.741936382000063],[103.57971437200007,10.742187537000177],[103.58028457799998,10.742343247000065],[103.58088515200012,10.742212023000036],[103.58148255800018,10.742241066000076],[103.58204346700012,10.742315391999966],[103.58262339500016,10.742461575000107],[103.58314760500019,10.742624246000162],[103.58364483400004,10.742865739000138],[103.58420732800005,10.742600368000126],[103.58479307400017,10.742536052000105],[103.5852567930001,10.742181713000036],[103.5856850940001,10.741200726000102],[103.58571695300014,10.740593233000027],[103.58620420800003,10.739858629000025],[103.58655015100015,10.739338686000053],[103.58714137300007,10.739135638000164],[103.58769848600008,10.738985064000133],[103.5881789390001,10.738671466000085],[103.58872224600003,10.738367720000042],[103.58919342000013,10.737967954000169],[103.58982785300009,10.737836864000144],[103.59050685000005,10.737485886000059],[103.59102547100008,10.737287285000093],[103.59150181600018,10.73681577300016],[103.59183771200003,10.73637232800013],[103.59229975900018,10.735852904000126],[103.59268916100007,10.735347502000081],[103.59350540500009,10.735657404000108],[103.59414853500004,10.735736866000138],[103.59472989699998,10.735572033000096],[103.59527162200015,10.735607973000015],[103.5960802460001,10.735472873000049],[103.59670873000005,10.73558096700009],[103.59736136100014,10.735698742000181],[103.59827569800018,10.73572200200016],[103.59893334600008,10.73580151800013],[103.59956253700017,10.735756506000143],[103.6001814130002,10.735850199000026],[103.60071823800013,10.735900460000153],[103.60153033500006,10.736062005000122],[103.60219759500006,10.736155911000083],[103.6027477930001,10.736455027000147],[103.60326412400008,10.736753991000171],[103.60390570300018,10.73717313100002],[103.60448972700016,10.737481966000075],[103.60506497700015,10.737594591999994],[103.60529030300017,10.73699274300003],[103.605725528,10.736554857000044],[103.60624692600015,10.736236284000086],[103.60686263600013,10.735966319],[103.60762688300002,10.73601280400004],[103.60817816100018,10.736077470000055],[103.6087827230001,10.73612802100007],[103.60949375000007,10.736174262000077],[103.61030631500006,10.736235310000154],[103.61132645000015,10.736402545000033],[103.61209030700002,10.7365351360001],[103.61293656900006,10.736634605000063],[103.61353993400019,10.736948294000172],[103.61434832000009,10.73686577400008],[103.61485369300004,10.73668745200007],[103.61572252100018,10.737299200000052],[103.61560675800013,10.73782830000016],[103.61472685600012,10.738210309000067],[103.61435906200006,10.738755739000055],[103.61407116000004,10.739290333000042],[103.61411004700017,10.739838384000052],[103.61452073000015,10.74044064100002],[103.61496936500004,10.740734500000087],[103.6152425570001,10.741305085000135],[103.61543299800013,10.741985347000139],[103.6159974970002,10.742337137000106],[103.61639167200002,10.742903476000151],[103.61670427400014,10.743321128000048],[103.61725846800016,10.743811623000056],[103.61712972999999,10.74445697200008],[103.6172618540001,10.745194390000165],[103.61726867800013,10.745821202000172],[103.61714327700014,10.74673136400014],[103.61674469300004,10.747196837000047],[103.6172117590001,10.747696516000076],[103.6177290390001,10.747794509000073],[103.61869093500013,10.748009309999986],[103.6191929850001,10.748265126000035],[103.61970486299998,10.748487492000152],[103.62019444200007,10.74829349700019],[103.62077219600013,10.747860665000076],[103.6213914340002,10.747882552000021],[103.62190099300017,10.747549888000037],[103.62255548900015,10.747265713000047],[103.6229010130001,10.746827060000044],[103.62336676300009,10.746551618000183],[103.62372883000012,10.745715346000111],[103.62422326100011,10.745516583000096],[103.62483595700019,10.744844661999991],[103.62505131500006,10.744300168000052],[103.625570627,10.743948402000115],[103.6263648010002,10.743803590000027],[103.62687847200016,10.743628829000045],[103.62758464500007,10.743684580000092],[103.62787654700003,10.744403562999992],[103.62835602199999,10.74415815500015],[103.62852405400008,10.743521262999991],[103.62911043000008,10.743318112000168],[103.62977808699998,10.743330624000123],[103.63013837400007,10.742834612000138],[103.63015251500008,10.741844256000093],[103.63069944700004,10.741803604000097],[103.63128225200018,10.741318139000157],[103.63120399400009,10.740624007000122],[103.63140872500009,10.740093829000102],[103.63141834600009,10.739308422000079],[103.63189256900017,10.73901941500003],[103.63246932200019,10.738801858000045],[103.63305379400003,10.739019738000138],[103.63395878300003,10.73897586600009],[103.63449121700006,10.738930359000108],[103.63544022100007,10.738781416000165],[103.63611785100017,10.73872697500019],[103.63658841400013,10.738451529000145],[103.63713673500007,10.738099869000166],[103.6375703870001,10.738503679000189],[103.63813641200011,10.73852051300014],[103.63858496500018,10.738838263000162],[103.639087405,10.739007925000124],[103.6396349110002,10.738838073000124],[103.64056000200009,10.738626810000142],[103.64083791200017,10.739235676000078],[103.64112614100014,10.739701047000096],[103.6410993820001,10.74027508800009],[103.6410916980002,10.740911413000106],[103.64136364800015,10.741688217000046],[103.64195957800007,10.741633684000078],[103.64256341600014,10.741812574000107],[103.64304071200019,10.74219743100008],[103.64367512400008,10.742071014000032],[103.64392899800015,10.74264628000003],[103.64442923500002,10.74222741300008],[103.64502924400006,10.742220458000133],[103.64521563700009,10.742738015000043],[103.64560081600007,10.743165527000087],[103.64604392900009,10.743622001000176],[103.64644858900016,10.744020890000058],[103.6469067320001,10.74436259700019],[103.64747272600005,10.744388984000125],[103.64809111400007,10.744602197999995],[103.64892329100007,10.744615387000124],[103.64957113600013,10.744733035000081],[103.64994670800013,10.745146149000163],[103.65044131700012,10.744904279000025],[103.65103766300007,10.744634140000187],[103.65148908900011,10.744152470000131],[103.6521440410001,10.7439164540001],[103.65277244800018,10.74405315000007],[103.65334905600008,10.743869048000079],[103.65409010400009,10.743700009000065],[103.65466721700017,10.743401072000097],[103.65479063400016,10.742846585000166],[103.65558469400014,10.742725619999987],[103.65616991400009,10.742780781000022],[103.65657810099998,10.74238541699998],[103.65717139200018,10.742804248000084],[103.6577611140001,10.742935981000073],[103.65833142100013,10.743081983000081],[103.65894603200007,10.74305592800016],[103.65955559500014,10.74307769600017],[103.660422192,10.743081522000125],[103.66067020800011,10.74418644300016],[103.66134579000004,10.747196157000133],[103.66241090000005,10.751941136000084],[103.66253134200008,10.752643805000048],[103.66273899300012,10.75325355200016],[103.66358198600017,10.754113640000071],[103.66338618800012,10.754624761000173],[103.66278528700002,10.754827914000032],[103.66239635800008,10.755242507000105],[103.66179032300016,10.755512621000094],[103.66142045100008,10.755994280000039],[103.66088147900007,10.756417795000004],[103.66094334400015,10.757771948000084],[103.66061182800007,10.758311364999997],[103.66090500800016,10.758762392000108],[103.66111064500006,10.759313518000056],[103.66129656800007,10.7599458950001],[103.66131195700018,10.760845483000082],[103.66105639200009,10.761739116000058],[103.66044161400004,10.761793881000017],[103.65975358000009,10.762001435000172],[103.65882012300005,10.762271368000029],[103.65857677700018,10.763312135999968],[103.65834242100016,10.763784807000093],[103.65812247400015,10.764281461000166],[103.65759529800005,10.764221766000105],[103.6573319900001,10.764675168000167],[103.65685192900008,10.76490275600014],[103.6572221880001,10.765430673000026],[103.65752440900013,10.766025281000054],[103.65761321200011,10.766733796000096],[103.6575815330001,10.767331743000113],[103.65775299900002,10.767949709000106],[103.65771669100008,10.768499789000145],[103.6579856570001,10.768955496999979],[103.65777028700006,10.769509587000186],[103.6581602890002,10.76995146500019],[103.65867268500011,10.770073300000035],[103.65898438500017,10.76962010300008],[103.65946717500015,10.769870995000076],[103.66015992000018,10.769696956000132],[103.66056357700006,10.76923937000015],[103.66068207800004,10.768703996000056],[103.66106151700006,10.768251092000071],[103.66157370100018,10.768420764999973],[103.6620960460001,10.768480436000061],[103.6626569140002,10.768583332000048],[103.66301196800003,10.768173382000043],[103.66360245900017,10.768016253000098],[103.66439028900015,10.76835157000005],[103.66502243600013,10.768751420000058],[103.6656060040001,10.769194123000034],[103.66605924100003,10.769564495000111],[103.66678675899999,10.770285325999964],[103.66727728199999,10.770981215999996],[103.66777192500018,10.771839801000112],[103.66813649200003,10.772568640000088],[103.66858273100013,10.773431801000186],[103.66916817000015,10.774553933000107],[103.66952419600011,10.77502436300017],[103.66970976700009,10.775742862000186],[103.67041343800014,10.777492297000038],[103.6707295400002,10.778240066000023],[103.67091593300006,10.778771965999965],[103.67156201800015,10.779377533000059],[103.67187894200009,10.779871791000119],[103.67159010100005,10.780631320000168],[103.67141842200016,10.78115689800012],[103.67123233200005,10.781658494000055],[103.67125401000004,10.782232750000162],[103.6714069200001,10.784545826000056],[103.67159008800019,10.78721961400015],[103.67163175200005,10.788784619000012],[103.6716463420002,10.789870806000124],[103.67164309500004,10.791712900000107],[103.6716206500002,10.792416153000147],[103.6715552600001,10.79298046700012],[103.6715903180002,10.793813154000134],[103.67151463900007,10.79451617900014],[103.6714478400001,10.795401059000028],[103.67134381700015,10.795946068000092],[103.67115862200018,10.79734240400012],[103.6710148960002,10.798112121000145],[103.67051475700009,10.798492745000033],[103.67002206600012,10.798280100000113],[103.66975836100005,10.798819637000065],[103.67021690400003,10.799094336000167],[103.67037430900001,10.799616544000173],[103.6708422800001,10.799948699000026],[103.67139300400004,10.800171160000048],[103.67185196100007,10.800447035000047],[103.6716644990002,10.801162758000032],[103.67201592600003,10.801585321000118],[103.67236243300005,10.802027001000056],[103.67268425800012,10.802578622000112],[103.67282702500012,10.803129475000162],[103.67290115899999,10.80388098800006],[103.6727711540002,10.805069945000128],[103.67249949400008,10.806080221000059],[103.67273454800016,10.806554917000085],[103.67323421300006,10.806284333000065],[103.67391372800006,10.806937968000057],[103.67413845600015,10.807560942000066],[103.67444390400004,10.808538330000147],[103.67406915800012,10.80901519300005],[103.67442028300013,10.809509521000109],[103.6748740480001,10.809774626000092],[103.67533181500005,10.810231135000095],[103.67587948400018,10.810051665000003],[103.6764617230001,10.809714444000065],[103.6770132440002,10.809759868000128],[103.67755559099999,10.809690420000038],[103.67824786000017,10.809645536000062],[103.67871614500012,10.809910697000078],[103.679184142,10.810242842000093],[103.67984911800016,10.810905972000114],[103.68022478900008,10.81132384600005],[103.68083527800002,10.812273824000101],[103.68079910400007,10.812799988000108],[103.68111670100012,10.81321761300012],[103.68161382400012,10.813530740000033],[103.681582112,10.81414304700013],[103.68221762500008,10.814906528000165],[103.68292597100009,10.814507633000119],[103.68323312500013,10.813992195000083],[103.68374752400013,10.813673811000058],[103.68387569200007,10.81424852200007],[103.68372831100004,10.814750288000027],[103.68410411700006,10.815139452000096],[103.6844936490001,10.81571049200005],[103.68470359200018,10.816400384000133],[103.6848853530002,10.816893984000103],[103.68510545900011,10.817473870000128],[103.68458561,10.818312178000042],[103.68511747900004,10.81915814000007],[103.68491658900012,10.819721879000042],[103.68534555700012,10.820130407000136],[103.68591658300011,10.820147193000082],[103.6867133040002,10.820160579000117],[103.68728490400008,10.820459236000033],[103.68781756800007,10.820394514000043],[103.68848408500008,10.820713136999984],[103.68903465300014,10.820983419000186],[103.68956540100004,10.82120549200016],[103.69030074300008,10.821433772000034],[103.69103101400003,10.82156127200011],[103.69159170100016,10.821731116000137],[103.69216689200005,10.821905803000107],[103.69265978300007,10.822084926000116],[103.69328848100002,10.822197636000169],[103.69393624700018,10.82237741200015],[103.6947887180001,10.822227908000002],[103.6950864060002,10.822779409000077],[103.69596063300014,10.823194591000174],[103.69646329200009,10.823354609999967],[103.69710568800014,10.82365876099999],[103.69798612900007,10.824162427000147],[103.69866645900004,10.824244298000053],[103.69935388200014,10.824208917000078],[103.70004014400013,10.824162254000044],[103.7008922510002,10.825502492000055],[103.7008463000002,10.826057327000058],[103.70070781499999,10.826745747000189],[103.70117520400004,10.827230972999985],[103.70169581100004,10.827721207000081],[103.70200367000001,10.828162698000085],[103.70236487200009,10.828580490000036],[103.7027354880002,10.829060522000134],[103.70314063500007,10.829413163000083],[103.70328812000008,10.830007091000027],[103.70346507900007,10.830500662000077],[103.70382583400016,10.831023715000129],[103.70414803199998,10.831508327000051],[103.70422809300015,10.832025415000032],[103.70455544300006,10.832438277000108],[103.7046257400001,10.832974465000063],[103.70488504200006,10.833454026000027],[103.70528985500005,10.83386243100017],[103.705622071,10.834270527000172],[103.70571183200008,10.834782873000108],[103.70625292800008,10.835014810000189],[103.70636691200008,10.83552247099999],[103.70673782900013,10.835935516000177],[103.70708452600013,10.83635324300019],[103.70742634300007,10.836780517000022],[103.70798734100015,10.836888133000002],[103.70863158100013,10.836771216000045],[103.708664317,10.837359241000115],[103.70859286200005,10.837900251999997],[103.70879362200014,10.838489618000096],[103.70891690100012,10.839088227000161],[103.7091901820001,10.839697035000086],[103.7093767950002,10.840200215000152],[103.70963116800016,10.840703679000057],[103.70973039100011,10.841268693000075],[103.70993616100009,10.84181980000011],[103.710195193,10.842366347000166],[103.710420489,10.842879258000039],[103.71068477100005,10.843330130000027],[103.7107550790002,10.843866317000106],[103.71095055600011,10.844560922000085],[103.71105364099998,10.845355622000113],[103.71111395900004,10.845963538000149],[103.71124676099998,10.846600464999995],[103.71152509800004,10.847161444000164],[103.7117211320001,10.847726864000037],[103.711830082,10.848282349999977],[103.71188043700005,10.84895721100014],[103.71208574300016,10.84961836500014],[103.71233485900012,10.850222286000076],[103.71251149000011,10.850797194000052],[103.7128960340001,10.85142560300011],[103.71310770500014,10.851939149000145],[103.71264974399998,10.852969173000076],[103.71231645900002,10.85338971300007],[103.71214842600006,10.854197632000023],[103.71218899800004,10.85489637500001],[103.71236290700017,10.856107644000133],[103.71244718700001,10.856773075000035],[103.71235659600006,10.857581319000133],[103.71232471100018,10.859375466000188],[103.71233178900007,10.859983157000102],[103.71231009100006,10.860528528000032],[103.71247192000004,10.861170360000187],[103.71232439000005,10.86171041900019],[103.71233474800005,10.86268176599998],[103.71237581100013,10.863265678000175],[103.71247463200007,10.863926386000117],[103.71252958399998,10.864658681000037],[103.71234339900013,10.86552302300015],[103.712494397,10.866091567000126],[103.71231732900009,10.866746333000151],[103.712348383,10.867406760000165],[103.71225415700002,10.867932687000064],[103.71225130500017,10.86859775400012],[103.71237976400005,10.869119830000159],[103.7123185800001,10.869842067000093],[103.71231109200005,10.870459269000037],[103.7126186550002,10.870982094000055],[103.71214696100003,10.871482516000071],[103.71208155000005,10.87206119700005],[103.71199665200015,10.872668502000124],[103.71190238100007,10.873203999000111],[103.71203541600016,10.873788294000065],[103.71207188300008,10.87431476800009],[103.71256681600005,10.874615454000093],[103.71205932800018,10.874984580999978],[103.71155015100004,10.875192972000093],[103.71139288699999,10.87574255800007],[103.71148723400006,10.876317124000025],[103.71153781200019,10.876939352000022],[103.71124016700014,10.8774883480001],[103.71102944600005,10.878085556000144],[103.71094485200013,10.878621093000163],[103.71108766900016,10.879181505000133],[103.71106575800002,10.879774721000047],[103.71068651200011,10.880160693000164],[103.7106210930001,10.880739371000061],[103.71090458300012,10.881233390000034],[103.71060231600006,10.881729732000053],[103.71049825300008,10.882289110000158],[103.71022986700007,10.882785597000122],[103.71029982500016,10.883403121000015],[103.71034106900004,10.883943968000096],[103.71011130700003,10.884464539000135],[103.70995388900013,10.885047617000055],[103.7099414700001,10.885683934000042],[103.70977937300006,10.886228711000058],[103.70952029600005,10.886811360000024],[103.70947924200004,10.887351863000106],[103.70953010400018,10.88788826200016],[103.70947846200016,10.888658090000092],[103.70927784100013,10.88915485900003],[103.708893122,10.889684346000081],[103.70845378600012,10.89099762100011],[103.7081036530002,10.892306096000084],[103.70790545200003,10.893077346000155],[103.70781029600016,10.89381379300005],[103.70773023900017,10.894416332000105],[103.70744208300016,10.895003640000027],[103.70728928500012,10.89563457800017],[103.70717550500012,10.896198697000045],[103.70708609700017,10.896724640000116],[103.70689485900016,10.897288432000039],[103.70667354200003,10.898091330000057],[103.70644202400007,10.899013808000177],[103.70627000200005,10.89961117200005],[103.70565787900011,10.901225823000118],[103.70513205900016,10.901912604000017],[103.70488240999998,10.902547916000003],[103.70486002300004,10.903246390999982],[103.70457702200014,10.903757160000055],[103.70422177500012,10.904181497000081],[103.70337322200004,10.904546807000145],[103.7049921000002,10.905012532],[103.70599739100015,10.905388166000023],[103.70585416800014,10.905705963999992],[103.7065687990002,10.905638381000188],[103.70789333800008,10.90590601200006],[103.70970930600004,10.906400316000088],[103.71088106000019,10.906966768000075],[103.71178638900005,10.907831574000056],[103.71212486200011,10.908394516000044],[103.71246237300005,10.909182065000152],[103.7130287540001,10.90959622600019],[103.71374841500005,10.909599248999996],[103.71412734600005,10.909563406000132],[103.71465955100012,10.909116424000104],[103.71436039600013,10.908216733000188],[103.71322699100006,10.907538150000107],[103.7128122810002,10.907087192000063],[103.71224719300017,10.906373556000176],[103.71209745800013,10.905961145000106],[103.71195094600006,10.90480005400019],[103.71180153400013,10.904312774000005],[103.71226490600014,10.902255813000124],[103.71572029200001,10.900248831000113],[103.71682157700013,10.899579617000029],[103.71785255500015,10.897637318000136],[103.71823963700001,10.895692327000063],[103.71922567600018,10.895396968000057],[103.72138216600007,10.895967487999997],[103.72346674600004,10.895639256000038],[103.72517336400006,10.895122266000044],[103.72664795600019,10.895727352000051],[103.72743936300003,10.896666510000102],[103.72759839200017,10.89660576600005],[103.72766900900007,10.896697104000168],[103.72775537000018,10.898105224000119],[103.72774213500003,10.898169226000107],[103.72733925200004,10.900117579000096],[103.72719685000015,10.900621085000012],[103.72695994600008,10.901458727000033],[103.72697794800013,10.9019337310001],[103.72702102300008,10.903070246000084],[103.72757630000012,10.90396276500013],[103.72762823400012,10.904046241000117],[103.72881412000004,10.904722523000089],[103.7300697930001,10.90496270500006],[103.73049036900005,10.904885335000074],[103.73149742200019,10.904700073000186],[103.73192090600003,10.903956920999974],[103.7324897700002,10.902958638000086],[103.7326075700002,10.902547537999965],[103.73274128300017,10.902080898000122],[103.73307582000001,10.900913406000143],[103.73333594000007,10.900543447000189],[103.73367180700006,10.900065757000107],[103.73373969000005,10.899969208000186],[103.73407112400014,10.8994978180001],[103.73423841100004,10.89934071100015],[103.73502153200008,10.898605240000109],[103.73575922200018,10.898185955000145],[103.73590813800007,10.898101313000097],[103.73607694800017,10.898005365000131],[103.73707068300007,10.89663632700018],[103.73717014400006,10.896499302000109],[103.73768242100004,10.895830047999993],[103.73836182500014,10.895799275000059],[103.73887000000019,10.896103479000146],[103.73898788300005,10.896227875000136],[103.73938396900019,10.89664584500008],[103.73944483200012,10.896710070000154],[103.73947639300019,10.897280859000034],[103.73828124700003,10.898180275000016],[103.73738045400006,10.89872190300008],[103.737058064,10.898915749000139],[103.73674332899998,10.899351042000035],[103.73647728600008,10.899718991000157],[103.73646201500014,10.899950084000182],[103.7364238880001,10.900527030000148],[103.73657138700014,10.901565628000128],[103.73670129200013,10.901691047999975],[103.737653841,10.902610700000082],[103.73869581500009,10.902947880000056],[103.7391902720002,10.903107883000075],[103.73986384000017,10.903325844999983],[103.74110924900009,10.9038480480001],[103.74131644099998,10.903934923000122],[103.74271186600009,10.904854388000103],[103.74321321600019,10.905184731000134],[103.74416676900012,10.905615781000108],[103.74460931100015,10.905815829000119],[103.74463704100015,10.905828364000001],[103.74538411600003,10.905864992000033],[103.74582382500012,10.906303180000066],[103.74588936200007,10.906874108000011],[103.74582014400005,10.90694612600015],[103.74515904400005,10.907633964000013],[103.7446610080001,10.908211807000157],[103.74467710800013,10.908798933000071],[103.74469046700011,10.909286112000132],[103.74553811300007,10.910875889000124],[103.7458025790001,10.911371898000027],[103.74660586100015,10.912480770000116],[103.74668060600004,10.912583950000112],[103.747799208,10.913125617000105],[103.74827430000005,10.913228264000168],[103.74830406100011,10.913283966000165],[103.74854391500008,10.913732890000176],[103.7482017330002,10.91433572000011],[103.74819410399999,10.9144940380001],[103.74816453600005,10.915107638000052],[103.74860412100008,10.915579391000108],[103.74931795700019,10.915448036000157],[103.74989733600006,10.914980445000083],[103.75030360700003,10.914502654999978],[103.7504320760001,10.914351572000044],[103.75075067900008,10.91397688000012],[103.75120437300012,10.913177579000148],[103.7514350310002,10.912771212000166],[103.75187713899999,10.912638740000034],[103.75199697700015,10.912795561000166],[103.75209116400003,10.912918814000136],[103.75201977500006,10.913240292000069],[103.7521068320001,10.913739729000099],[103.75239216900019,10.91399563900012],[103.75324080100006,10.914244407000126],[103.75402260800018,10.914492901000074],[103.75427911100013,10.914795867999999],[103.7542259280001,10.91496727599997],[103.75421912700017,10.914989194000043],[103.75407036800004,10.915097949000028],[103.75383055700019,10.915215234000073],[103.7537953280002,10.915232463000166],[103.75329269000014,10.915094784000075],[103.752924839,10.915545394000048],[103.75298645000004,10.915877694000187],[103.75305906,10.916269313000157],[103.75291880500004,10.916992113999981],[103.75273431200014,10.917353049000099],[103.75241390100018,10.917396954000083],[103.75223186000017,10.917170157999976],[103.75173035200004,10.916761216999987],[103.75136438400011,10.916759725000077],[103.75090673700004,10.916803067999979],[103.750494645,10.91689180800006],[103.75008217600009,10.91707096700003],[103.75008142000001,10.91725180700007],[103.75040031900005,10.917569583999978],[103.75081165500012,10.917661685000098],[103.75113093400017,10.91788904100008],[103.7512666610001,10.918251280000106],[103.75131070800012,10.91865835700014],[103.7513069310001,10.91956255700012],[103.75139653600013,10.920015030000002],[103.75153612600013,10.92026577900009],[103.75162356800007,10.920422852000172],[103.75180561000002,10.92064964900004],[103.75221733000018,10.920651328000076],[103.75253906500006,10.920290954000109],[103.75267724800005,10.920065463000185],[103.75286080000012,10.919930579000038],[103.7534558810001,10.919842581000069],[103.75377591900008,10.919889094999974],[103.75395833900006,10.920025471000088],[103.75404889000004,10.92025189300017],[103.75413849900008,10.920704366000052],[103.75413623700007,10.921246886000176],[103.75431790500016,10.921564101000001],[103.75450070400012,10.92161005600019],[103.75472981400003,10.92152056700013],[103.75482224900014,10.921294889000137],[103.75486950300018,10.920933395000077],[103.75488323100006,10.920841142000143],[103.75491656700012,10.920617111000183],[103.75514624200002,10.92039199100003],[103.75560370700015,10.920393852000075],[103.75596779900008,10.92084744000016],[103.7560572220001,10.921345122000105],[103.75610071100004,10.921887829000184],[103.75614532900005,10.92215927500007],[103.75632643500006,10.92261212000011],[103.75682908700009,10.922749795000072],[103.75701282800014,10.922569698000189],[103.75696896100015,10.922117412000034],[103.75715307600018,10.921846895000158],[103.75745582400003,10.92179206700007],[103.75752018100007,10.92178041200009],[103.75788559000006,10.92171423600007],[103.75820563000008,10.921760746000018],[103.75838824200008,10.921851909000054],[103.75857047800002,10.922033492000025],[103.75875215100007,10.922350704000166],[103.7589330740002,10.922848757999986],[103.75929867500014,10.922940663000077],[103.7598476390001,10.922942888000136],[103.76030529700012,10.922899531000041],[103.76057940400017,10.92299106400003],[103.7608073900002,10.923172831000102],[103.76089738400003,10.923534882000126],[103.76089513500011,10.924077404000059],[103.76107718600014,10.92430419600015],[103.76135129500017,10.924395728000093],[103.76159224000014,10.924353440000175],[103.76235848500005,10.924218960000019],[103.76249451900009,10.924238727000159],[103.76267852900003,10.924265465000076],[103.76286133100007,10.924311416000023],[103.76304469500013,10.924221735000174],[103.7632739930001,10.92408702900002],[103.76341535300008,10.92408760100011],[103.76354847700009,10.924088139000162],[103.76373071800015,10.924269719000051],[103.76386665000001,10.92458674500017],[103.76395739700018,10.924767956000153],[103.76418519900017,10.924994930000139],[103.76482510200009,10.925133147999986],[103.76500790500006,10.925179096000079],[103.76509865200018,10.925360307000062],[103.76509809200013,10.925495937999983],[103.7649323670002,10.925780097000143],[103.76491267200004,10.926082931000167],[103.76500323300019,10.926309352000146],[103.76518528900016,10.926536140999985],[103.76536865300005,10.926446459000033],[103.76532365400016,10.926265434000072],[103.7653242140002,10.926129804000027],[103.76541627000017,10.925994542000069],[103.76563462500019,10.925947952000115],[103.76582837200016,10.925905783000076],[103.76614823200015,10.925997495000047],[103.7665134670001,10.9261798120001],[103.76660402900012,10.92640623300008],[103.76641842400011,10.927038438000068],[103.76650917300009,10.927219648000175],[103.76678328700001,10.92731117500017],[103.76691959600004,10.92753777900009],[103.76688014800015,10.927653163000059],[103.76687328899999,10.927673226000024],[103.76664380200015,10.927853143999982],[103.76646043700015,10.927942827000038],[103.76618520300008,10.928122560000077],[103.76600183700003,10.92821224200003],[103.76568122800006,10.928301370000156],[103.76536665100008,10.928222489000063],[103.76504150400007,10.928117944000064],[103.76467542700004,10.92813907100009],[103.764537341,10.928341962000104],[103.76458196800007,10.92861340799999],[103.76494645600019,10.928976568000053],[103.76498255000018,10.929003549000072],[103.76622348000018,10.929931153000041],[103.76645147400001,10.93011291700003],[103.76668002899999,10.93015904900011],[103.76686320900006,10.930114577000154],[103.76713807200014,10.930025264000108],[103.76768630500015,10.930208317999984],[103.76804173700003,10.930606736000072],[103.76841473600012,10.931070261000173],[103.76865403900007,10.93118336700013],[103.76869633000013,10.931203354000104],[103.76873646600006,10.930709868000122],[103.7690113290002,10.930620553000097],[103.76912194300007,10.93066479700019],[103.76923969800015,10.93071189400007],[103.76965124800012,10.930758762000039],[103.7696940530002,10.93074204100003],[103.76988036200004,10.930669262000094],[103.77008651000006,10.930602275000183],[103.7702920980002,10.93067091800009],[103.7704287840001,10.930807101000084],[103.77043335100007,10.930825471000162],[103.77051879200013,10.931169151000176],[103.77060954500007,10.931350360000181],[103.77083791500013,10.931441700000107],[103.77129540100015,10.931443539000156],[103.77146951499998,10.931329836999964],[103.77157063600009,10.931263801],[103.77163981600012,10.931128446000116],[103.77166343500005,10.930947696999965],[103.77174259800012,10.930831377000118],[103.77175549000009,10.930812433000142],[103.7718490790001,10.93072125599997],[103.77203072500004,10.93063269400011],[103.77217085000001,10.930633257000068],[103.7722594660001,10.930633613999987],[103.77244227400007,10.930679558000065],[103.77261316600004,10.930680244000143],[103.77285401100016,10.930681211000149],[103.77289901600005,10.93086223600011],[103.772852339,10.931088104000139],[103.77294327900006,10.931224102000044],[103.77300655000005,10.93124522700009],[103.77308033800011,10.931269863000182],[103.77326333200017,10.93127059800014],[103.77344651200008,10.931226121000122],[103.77362922800006,10.931294671000103],[103.77381157300016,10.931453641000076],[103.7739932680002,10.931770847000053],[103.77403539300019,10.93198347800012],[103.77403808800017,10.93199708200001],[103.77408309400016,10.93217810699997],[103.77403623100008,10.932449186000156],[103.77389824300002,10.932629477000035],[103.77376043900017,10.932764557000041],[103.77375988200004,10.93290018700003],[103.77380507400005,10.933036001999994],[103.77407882500006,10.933217944000148],[103.77441505899998,10.93328580300016],[103.77453594200011,10.933310199000061],[103.77499343100004,10.93331203300005],[103.77515711300009,10.933292480000091],[103.77535960800009,10.933268289000125],[103.77550006600012,10.933286210999995],[103.77572541400014,10.93331496500008],[103.77595360200019,10.933451513000023],[103.77600142500017,10.933531006000123],[103.77622624200018,10.93390471500004],[103.77636274900004,10.934086106000052],[103.77645350600017,10.934267314000124],[103.7766355760001,10.934494098000016],[103.77671611900013,10.934534300000166],[103.77690951500017,10.934630827999968],[103.77722957300017,10.934677319000002],[103.77750406800004,10.9346784170001],[103.77767749700007,10.934593588000098],[103.77768743500002,10.934588728000051],[103.77791618100014,10.934589643000038],[103.77808395700015,10.934566641000117],[103.77823661000008,10.934545713000148],[103.77851110500012,10.934546810000143],[103.77873929500004,10.934683355000175],[103.77899745500008,10.934889146000046],[103.77919530800017,10.935046866000107],[103.77923042100014,10.935116970000081],[103.77933144700017,10.935318676000065],[103.77945445800015,10.935465755000052],[103.77955908400008,10.935590852000189],[103.7796496580001,10.935817270000086],[103.77969448400012,10.936043504000168],[103.77976827600014,10.936265258000049],[103.77978487300004,10.936315132000061],[103.78010438000007,10.936497252000038],[103.78037887700015,10.936498348000157],[103.78051686500004,10.93631805400014],[103.78060947200015,10.93604715700019],[103.78067265900012,10.935761392000074],[103.78074930500009,10.935414758000036],[103.78084172700005,10.935189071000082],[103.78098026800006,10.93487314500004],[103.78107269000009,10.934647458000143],[103.78108899200004,10.934633761000157],[103.78139404100011,10.934377473000097],[103.78176040400012,10.934288510999977],[103.78194284700004,10.93442487100009],[103.78198749000012,10.9346963160001],[103.78195270400005,10.934848117000115],[103.7818943310001,10.93510284600012],[103.78184747400007,10.935373926000182],[103.78189267000005,10.935509739000167],[103.78202973400005,10.935555496999996],[103.7821055820001,10.935533340000063],[103.78248778100004,10.935421688000076],[103.78292154200011,10.935245107000071],[103.78303769500002,10.935197823000067],[103.78336483200019,10.935091506000106],[103.78358742400013,10.935019166000131],[103.7838619200001,10.935020258000065],[103.78432014900011,10.934841236000182],[103.78459482900007,10.93479711700013],[103.78464238100014,10.934797306000064],[103.78500657300003,10.934798754000042],[103.78532589800011,10.93502608000017],[103.78522094500005,10.935265424000079],[103.78518736199999,10.93534200800002],[103.78500362800008,10.93552212200018],[103.78495695900006,10.93574799300012],[103.78504790599999,10.935883988000114],[103.78565654400012,10.936036927999965],[103.7857791620001,10.936067739000123],[103.78596852600015,10.936041774000046],[103.78609959200014,10.936023801000033],[103.7864194710001,10.936115494000092],[103.78655598400007,10.93629688100009],[103.7867838140001,10.9365238420001],[103.78705831100018,10.936524931000122],[103.78713031799998,10.936494773000106],[103.78737910900009,10.936390571000004],[103.78749692900004,10.936198273000116],[103.78751727700012,10.9361650620001],[103.78751948100012,10.935622536000153],[103.78770312100005,10.935465024999985],[103.78785901600008,10.935407957000052],[103.7878863950001,10.93539793500014],[103.78806920900013,10.935443871000189],[103.78825183900017,10.93553501700012],[103.78850517100017,10.935473496999975],[103.78861820100008,10.935446047000028],[103.78889379900016,10.935175872000116],[103.78908357100005,10.935214162000136],[103.78912236300005,10.935221989000127],[103.78930499400019,10.935313135000058],[103.78944077500012,10.935675362999973],[103.78944018400017,10.935821231000148],[103.78943982400011,10.935909892000097],[103.78943798300008,10.936363835999998],[103.78943784100005,10.936398733000146],[103.78925355900009,10.936714480999967],[103.7891454920001,10.936820422000153],[103.78906982600006,10.936894598000038],[103.7889775930002,10.937075078000078],[103.78897630900008,10.937391552000122],[103.78924989100017,10.937618693000047],[103.7893285290001,10.937641233000136],[103.78956977300015,10.937710382000034],[103.78985891500008,10.937783035000109],[103.789935405,10.937802253000086],[103.79062165200003,10.937804970000059],[103.7906467570001,10.937802590000047],[103.7910453500001,10.937764793000042],[103.79107933400007,10.93776157000002],[103.79162851600006,10.93771853000004],[103.79208619800005,10.93767512900007],[103.79229273300001,10.937675945000137],[103.79263519600005,10.937677299000086],[103.79304676200013,10.937724135000053],[103.79330073300014,10.937787947000174],[103.79341239500013,10.93781600200009],[103.79363790000002,10.9378447630001],[103.79377821200012,10.937862658000029],[103.79415773000005,10.938020593000033],[103.79434479000008,10.938302340000178],[103.79479382400012,10.938654227000086],[103.79552641400016,10.938629971000012],[103.7956459950002,10.938682457000084],[103.79587901000019,10.938784730000123],[103.79587830800011,10.938958719000027],[103.7958779920001,10.939037176000056],[103.79587377900003,10.93908356500009],[103.79579755100013,10.939923049000072],[103.79577773800014,10.940141250000124],[103.79577573600017,10.94015564100016],[103.79564618600011,10.94108741700012],[103.79533095900007,10.941084230000172],[103.79544410500017,10.941318977000094],[103.79583769900006,10.94213557800009],[103.7958585950002,10.942178932000104],[103.79495550900009,10.943680161000088],[103.79348911100004,10.947019978000128],[103.79192625100006,10.950657793000119],[103.79075133600014,10.953955790000066],[103.79056883800013,10.955872006000163],[103.79061762700013,10.95681484700009],[103.7913381420002,10.958177416000126],[103.7918501900001,10.9594012660001],[103.79201106900018,10.960769533000075],[103.79203987200015,10.962550953000061],[103.7919859000001,10.964434898000036],[103.79184807400009,10.966546827000059],[103.79152219100001,10.968841112999996],[103.79143257300007,10.97196595400004],[103.79209762300002,10.974178267000184],[103.79301106500014,10.977197450000176],[103.79358594000018,10.980281973000046],[103.7933726510002,10.981819425000026],[103.79306991200013,10.984114933000058],[103.79298966300013,10.985917393000022],[103.79295168499999,10.986606706000089],[103.79263116100014,10.988349440000036],[103.7924255100001,10.990255387000104],[103.79216378600012,10.991953139999964],[103.79201467500013,10.994018681000114],[103.79153636900014,10.995244250000155],[103.7909977830002,10.996662855000011],[103.79032146700018,10.997840164000024],[103.78878891200009,11.00208951600007],[103.7878936530002,11.0040684330001],[103.78755293100005,11.00688934599998],[103.7876328440002,11.009378508000054],[103.78706448200006,11.011141713000029],[103.78686543200013,11.013584552000111],[103.78679822500015,11.0152593360001],[103.78636786600015,11.017401726999992],[103.78608817800011,11.019626098000117],[103.785938934,11.021426011000074],[103.78573355800006,11.02282445600008],[103.78563055299998,11.024716104999982],[103.79031649000001,11.037017419000108],[103.79162445700013,11.0406722620001],[103.79318872400017,11.042161408000027],[103.79438157800013,11.043406061000098],[103.79535542800005,11.046451482000066],[103.79685182300011,11.047550400000091],[103.79772435400008,11.04773810100005],[103.80062430100014,11.047662574000128],[103.80268559000007,11.047651520999977],[103.8055218250002,11.04861893399999],[103.80745087500009,11.049409819000175],[103.80861022800019,11.050402241000029],[103.8108750670001,11.051562897000167],[103.81310544700005,11.052618285000051],[103.81490528500012,11.053615459000184],[103.81717077700017,11.054625747000102],[103.81803788500014,11.055534485000123],[103.82239244200014,11.057053606000125],[103.82428138099999,11.059252559000129],[103.82524113000011,11.061905657000068],[103.82709736600003,11.064427729000045],[103.82959733600012,11.067440566000187],[103.83208380400015,11.07011990300009],[103.83388992599998,11.072031401000118],[103.83606286400004,11.072916879000047],[103.8397573530001,11.072954828999968],[103.8423066580001,11.072492153999974],[103.84575185000006,11.071759351000026],[103.84684462500013,11.07322724200003],[103.84662708600013,11.075817021000034],[103.84883384000011,11.078463523000153],[103.8477420430001,11.079078753999966],[103.84498165500014,11.079369990000089],[103.84248403000004,11.080717891000177],[103.84559140900018,11.081967450000093],[103.84648799700011,11.083791763000136],[103.84615691900007,11.086877297000171],[103.84557627300018,11.089181981000081],[103.84277449500013,11.090371602000175],[103.84230098900008,11.089142302000084],[103.8438873500001,11.087396449000096],[103.84356211000005,11.085637617999964],[103.84174885300001,11.084485688000086],[103.84032482200007,11.086058089000062],[103.84043764400013,11.08937137300012],[103.83983068100014,11.093113652],[103.83957981500015,11.096003942000095],[103.84082784900005,11.098159666000072],[103.84475765000019,11.10042853400006],[103.84844731300001,11.101570679000133],[103.851478697,11.10365970900017],[103.85459760100014,11.106795688000034],[103.85692207,11.109556763000114],[103.85907651200012,11.113158110000086],[103.85901514300008,11.116506910000055],[103.85907934900007,11.117507457000158],[103.86024719400018,11.119814272000156],[103.86124618700012,11.121177789000114],[103.86356475000002,11.121370793000096],[103.86421705200019,11.122864106000065],[103.86434344400016,11.124509149000062],[103.864261151,11.126327469000046],[103.86363674600011,11.12715925900011],[103.86304944500012,11.128382269000042],[103.86381171300013,11.129115316000025],[103.86317851200005,11.130442136000056],[103.86349096300006,11.131992939000042],[103.86511892800019,11.131362741000089],[103.86681873700007,11.131019896000055],[103.86797914200008,11.1320957800001],[103.8692922190001,11.133354213000018],[103.87022167600014,11.134741181000038],[103.87117142500011,11.135690801000067],[103.87259772400012,11.136385633000032],[103.8720704110001,11.137860939000063],[103.8721357980001,11.139011817999972],[103.87110147500005,11.139512041000046],[103.87049992400011,11.14027498200005],[103.87067903200017,11.141021646000183],[103.87179078900004,11.141740168000126],[103.87253085700019,11.142679956000109],[103.87193195800012,11.143867897000064],[103.87048290400008,11.143278090000024],[103.86874406500004,11.142965236000066],[103.86920416400017,11.143859896000038],[103.87072833200017,11.145302228000162],[103.87117966500011,11.146691918000045],[103.87100566000004,11.1487755120001],[103.87253438900012,11.149043486000096],[103.87443747700019,11.149516308000159],[103.87533301400015,11.151109982000037],[103.87699643700017,11.152447691000134],[103.8774602430002,11.153952712000034],[103.8789587350002,11.15502530800012],[103.8798909460001,11.154974539000136],[103.88048962200008,11.153693894000128],[103.88174195400018,11.152616879000107],[103.88291216000016,11.153335582000125],[103.8844720680001,11.154892147000055],[103.88573569500011,11.155655269000135],[103.88707374200004,11.157166916000051],[103.88657838000012,11.158148430999972],[103.88643488400015,11.159460166000088],[103.88589479300015,11.160763648000113],[103.88512991300007,11.16150453400013],[103.88559189500012,11.16267610400007],[103.8849918050002,11.163726172999986],[103.8847878360001,11.16468276900008],[103.88533118600014,11.165829774000088],[103.8846349480001,11.16635163899997],[103.8836626100001,11.165586203000089],[103.8834534070001,11.163792784000123],[103.88243553900008,11.16318767600012],[103.88242792400007,11.163831911000045],[103.88210848800009,11.164973443000179],[103.88144192100009,11.166564663000031],[103.88101846100005,11.167891172000111],[103.88168480700011,11.170096592000164],[103.88188957900002,11.171176783000078],[103.88194177100007,11.172119638000026],[103.88123648200008,11.17305627400009],[103.88001666200006,11.173764928000082],[103.87823414500008,11.173969619000047],[103.87757334200006,11.174571846000049],[103.8774863640001,11.175607993000085],[103.87748402200009,11.17718473500014],[103.87723758200013,11.178831768000066],[103.87635501300002,11.17942298800017],[103.87466829800019,11.18000779100015],[103.8739069500001,11.18137031100008],[103.87428865800007,11.18279477699997],[103.87446877600001,11.183656731000099],[103.87479074700013,11.184840221000115],[103.8744934950002,11.185854099000153],[103.87402185600018,11.186892188000172],[103.87385204400016,11.187733611000056],[103.8735218590001,11.18904688800012],[103.87324061700008,11.190728821000107],[103.87277412600014,11.192653068000027],[103.87238748900006,11.194276957000056],[103.87173081700007,11.195569785000089],[103.87135186400008,11.196538136000186],[103.87084678000019,11.197853010000074],[103.86990999100004,11.199123295999982],[103.86960129300007,11.20012694899998],[103.86933636700019,11.200692219000075],[103.86870621200018,11.200602802000049],[103.86850239800003,11.201570679999975],[103.86888404600018,11.20300758600007],[103.86858648600003,11.20394120200001],[103.86889462500005,11.204778775000136],[103.86836698100007,11.20622014700001],[103.8674267070001,11.206904925000003],[103.86564994800005,11.208075933000089],[103.86350368400014,11.209905605000131],[103.86307737300012,11.210748300000148],[103.86361154800016,11.212333856000043],[103.862835625,11.213212519000024],[103.86077486900001,11.213730238000153],[103.85962763600008,11.21492169100003],[103.85835548300003,11.216654063000021],[103.857325608,11.217982716999984],[103.85568677600014,11.218843358000072],[103.85445658900005,11.219793716000027],[103.85327276700013,11.220743121000112],[103.85171375600004,11.221315823999987],[103.85158207400013,11.222697640000092],[103.85163598000014,11.22390498100009],[103.85201247500015,11.224455745],[103.8528570750002,11.22533721800005],[103.85362551800011,11.225136724000151],[103.85308279900005,11.224058616000093],[103.85424712400004,11.223776001999966],[103.85600959300012,11.224089073000073],[103.85812466400006,11.2248476850001],[103.86006326900014,11.225355815000057],[103.86098125400014,11.226800427000057],[103.86219295600006,11.22859993500009],[103.86349698800012,11.230215557000179],[103.86447255100012,11.231510052999965],[103.86516652900013,11.232496039000011],[103.86656431400007,11.234226166000099],[103.86736574700001,11.235626238999998],[103.86756367000015,11.23749986200005],[103.8687857050001,11.239092549000134],[103.87072343000011,11.239416380000023],[103.87219602099998,11.239959975000147],[103.87276381200019,11.241315072000077],[103.87300702700014,11.242959420000034],[103.87323517100003,11.24406230599999],[103.87358599700008,11.24615465300019],[103.8733851560001,11.24767525100009],[103.8730333430002,11.249299260000043],[103.87202238600014,11.249868482000068],[103.87193514400019,11.250882010999987],[103.87184956300013,11.252424519000101],[103.87232461200006,11.25304684300005],[103.87289229600015,11.253771245000166],[103.87353116500014,11.254152307000084],[103.87483441400008,11.254316610000046],[103.87563333100019,11.255501905000187],[103.87622305400004,11.256673976000059],[103.87646390100019,11.25775430200008],[103.87698120100015,11.259591834000105],[103.87846914099998,11.2601942390001],[103.88063599000014,11.259638395000138],[103.88183037800019,11.261019574000102],[103.88318750400003,11.262366321000059],[103.88517337900015,11.26376176400015],[103.88724009200013,11.265282960000036],[103.88801694100005,11.266123409000045],[103.88657207400013,11.266589326000144],[103.88560294900014,11.267435665000107],[103.88484174800016,11.268776716000104],[103.88550356500008,11.269307041000047],[103.8864545350001,11.270353859000124],[103.885765564,11.270926589999988],[103.88453954500011,11.272092961000169],[103.88427939000013,11.27326295500012],[103.88503230800006,11.27429886300007],[103.88597336400017,11.274875449000149],[103.88716969100011,11.27562479300019],[103.88812295500009,11.276007006999976],[103.89119529200019,11.276303328999973],[103.89446183700005,11.277622122000139],[103.89758606400017,11.27970894800012],[103.89797549700012,11.281638664000127],[103.89952158500017,11.282273972000098],[103.90086876600014,11.283196757000155],[103.90119779500014,11.285734342000069],[103.90198211800009,11.287872360000051],[103.902441893,11.28960679200003],[103.90228312800014,11.291834002000087],[103.901484401,11.293932246000168],[103.90064875100018,11.296627141000101],[103.9008307630001,11.297924254000066],[103.90199897000008,11.300155251000149],[103.90286686500019,11.301706958000011],[103.90446705200014,11.303583507000155],[103.90672775000019,11.30644809600011],[103.90913918000001,11.309439821000069],[103.91214263400019,11.312996590000125],[103.91633063800015,11.31747434100015],[103.91991518100019,11.321421994000048],[103.9217486280001,11.32322923800018],[103.92328095000005,11.324634124000056],[103.92522934500005,11.326878062000105],[103.92855716000014,11.331089183000074],[103.9326765020001,11.33530313500006],[103.93665626500012,11.339584353000077],[103.94113298100018,11.345026995000126],[103.94521624200007,11.34973461100003],[103.94904481900005,11.354038888000105],[103.95257028200012,11.358491247000188],[103.956880915,11.365115396000022],[103.96104437500009,11.370441393000021],[103.963224895,11.373122242000079],[103.96616016100006,11.376574332000075],[103.96914051800019,11.380566842000178],[103.97231757700007,11.384914932000072],[103.97585690400007,11.388895775000037],[103.97785350800007,11.390945184000032],[103.97929371200001,11.392177700000047],[103.98203557900013,11.394228538999982],[103.98440321100014,11.396828522000078],[103.98701607900011,11.399258660999976],[103.989828198,11.401240729000051],[103.99289835400003,11.402752321000037],[103.99517813900007,11.403665508000188],[103.99624871500004,11.403921228000058],[103.99737833200015,11.405228333000082],[104.00050879400015,11.40712888400003],[104.00414761200017,11.409792961000107],[104.00771611400017,11.412435283000093],[104.01107356200015,11.414919742000052],[104.01453446300007,11.417240619000154],[104.0183457460002,11.419639492000101],[104.02255697500004,11.422367446000067],[104.02750185399998,11.426272181999991],[104.03267880000004,11.430035189000023],[104.03793685300019,11.43374073400014],[104.04176116200011,11.435886184000026],[104.04118215,11.434808224000165],[104.04117203700014,11.432960113000092],[104.04256199800011,11.43104650000015],[104.04376268900012,11.429278073000091],[104.04443694500009,11.428773886000045],[104.04471081800011,11.427309880000053],[104.04450592000006,11.425882742000113],[104.04426912600019,11.42431647300009],[104.04385967100012,11.421449766000137],[104.04365497600014,11.418851616000097],[104.0437565540002,11.417258189000165],[104.043903479,11.415722557000095],[104.04425767500004,11.41490196500007],[104.04454509400006,11.413920648000158],[104.04545684100009,11.412020146000089],[104.04707281600014,11.409284358000036],[104.05041530500006,11.405857862000062],[104.05196422500012,11.404142507000131],[104.05252697300017,11.403383611000038],[104.05312694900005,11.401328348999982],[104.0532294750002,11.399688572000116],[104.05294451400016,11.39760558800009],[104.05219537200014,11.395410337999976],[104.05153024900011,11.393101190000095],[104.0507574040002,11.389768749000098],[104.05034619200012,11.386899778000156],[104.05022747100014,11.386168073000078],[104.05012783700005,11.3855539810001],[104.05102653900019,11.383226144000105],[104.05235100200008,11.380319814000188],[104.053203865,11.378072071000076],[104.05438267700004,11.37580954900011],[104.05611093400012,11.37366859399998],[104.05814849600011,11.37221359800003],[104.06038482100018,11.370837214000005],[104.06193314600011,11.369398713000123],[104.060803959,11.368341646000147],[104.06073508800011,11.36602198100013],[104.06115269500009,11.363377203000141],[104.06045205800012,11.360800069999982],[104.05937175200012,11.35873150499998],[104.05994571100007,11.356612831000007],[104.0601466190002,11.354463574000079],[104.0599335080002,11.35290416600003],[104.05868593600019,11.35164099400015],[104.05718657000011,11.350840451000067],[104.0559036640002,11.350749314000097],[104.05412870600009,11.351638852000121],[104.05304241800008,11.35262553800004],[104.0518758520002,11.3525098880001],[104.04960853000017,11.351865086000032],[104.047025055,11.351051956000049],[104.04714774900003,11.345572509000135],[104.04612778800009,11.343744862000165],[104.04508317300008,11.341756625000073],[104.0442231400001,11.339548568000055],[104.0436509110001,11.338199360000146],[104.04250232700008,11.336314770000172],[104.04157770100016,11.334681837000176],[104.04066726600001,11.33205990800002],[104.040145408,11.328666093000152],[104.04015490000012,11.325990632000014],[104.03998389300006,11.323947572000122],[104.04093083300006,11.32179171200005],[104.04277529000001,11.319672665000155],[104.04387938000008,11.318123161000187],[104.04408459799998,11.316421543000104],[104.04453417200006,11.314683414000058],[104.04403034100005,11.31318296500018],[104.043486917,11.311190696000097],[104.04324690000016,11.309228793000045],[104.04295811100013,11.30703840600006],[104.04397882300003,11.305317947000106],[104.0445323300001,11.303486331000101],[104.04490373200008,11.300876461000144],[104.04505867900002,11.29878471100011],[104.0456733060002,11.297251697999968],[104.04590193400009,11.29556032500011],[104.04576834000005,11.293793182000172],[104.0461309590001,11.291492987000026],[104.04712119900017,11.289003784000045],[104.04754915900003,11.286243748000118],[104.04747059100009,11.284108292000155],[104.04740991100005,11.282627358000013],[104.04778827500013,11.28075108600001],[104.04860538600013,11.278481731000113],[104.0497893910001,11.276770803000147],[104.05094326400013,11.275600071999975],[104.05112819300007,11.27420808800008],[104.0514596020002,11.272321483000042],[104.05148881500003,11.270483648000152],[104.05093496100005,11.268617951000067],[104.04998425800017,11.266685427000027],[104.04869363300003,11.264528007000024],[104.04756975500015,11.262770122000177],[104.04609153500007,11.260475321000115],[104.04487590899998,11.258856165000054],[104.04370524000007,11.257064212000046],[104.04274396800008,11.255236755000055],[104.0416532700001,11.253248372000144],[104.04070809900014,11.252098033999971],[104.0402448420001,11.251084890000186],[104.03935063900008,11.250106524000046],[104.03772028100019,11.250045869000132],[104.03641696500017,11.249687856000037],[104.03560488500011,11.248467855000115],[104.03491105800003,11.246467177000113],[104.03424153800006,11.244133125000076],[104.03369762700004,11.24276478500002],[104.03265403900002,11.241016161000118],[104.03172534100014,11.239842114000055],[104.03205400700011,11.238797626000121],[104.03249837400006,11.237994272000094],[104.03202309700009,11.237165322000067],[104.03080308000011,11.236140663000128],[104.03032925400015,11.234623344000113],[104.02925928000008,11.234103295000125],[104.02831806,11.233344036000119],[104.02772753500011,11.23197553600005],[104.0270117880001,11.229537331000188],[104.02704019700008,11.227550297999983],[104.02724074700012,11.226470354000185],[104.02737405800008,11.22435593500012],[104.02693780100014,11.221884734000184],[104.02632718100006,11.219345141000133],[104.02565670000007,11.217332088999967],[104.02493925400006,11.215584508000063],[104.02312727200007,11.21375422500006],[104.0220469090001,11.212775210000189],[104.02110976000012,11.21040635200012],[104.02062575000019,11.208451548000028],[104.02072261100011,11.206970000000183],[104.02065634500013,11.205568170000163],[104.02118214000006,11.204799006000144],[104.0230333240001,11.204906797000092],[104.02551096400009,11.205807856000092],[104.02750047400008,11.20640889800012],[104.03056218900014,11.206575970000074],[104.03238918000005,11.206993336000153],[104.03545033700016,11.207505109000124],[104.03808061200004,11.207970251000063],[104.0400474160001,11.208354114000088],[104.04088781600018,11.20747062800001],[104.04063623800016,11.205643191000092],[104.04045355300002,11.204103083000177],[104.04058815800005,11.201472086000024],[104.040511305,11.199518611000144],[104.04073860000005,11.197072157000036],[104.04122267100007,11.194349589000183],[104.04204392300016,11.191788609000014],[104.04282816100005,11.190123869000104],[104.04348416400006,11.18845984300009],[104.04317408200018,11.186666132000141],[104.04194304900017,11.18546968000004],[104.0410359550001,11.184985249000022],[104.04010589300003,11.184523349000187],[104.03875866400006,11.183073318000027],[104.03751485700008,11.18228938599998],[104.03666792600006,11.181184578000057],[104.03656465500012,11.180563690000042],[104.03693864299998,11.179978248000111],[104.03766332999999,11.178750768000157],[104.03999595200008,11.177054835000035],[104.04235107200009,11.17564605900003],[104.04385629000012,11.174293326999987],[104.04630318900013,11.173425113000121],[104.04882020700006,11.172464413000057],[104.05082451300012,11.171721354999988],[104.05133743500011,11.171434741000098],[104.05229659999998,11.170682708000129],[104.05307374600017,11.17072585600016],[104.0546389050001,11.16860349100017],[104.05655320900001,11.16656246600013],[104.05902914400019,11.163223290000076],[104.06198287800015,11.159725076000143],[104.06408506100007,11.156798389000016],[104.06756405700014,11.152588493000053],[104.06939756300017,11.150156017000029],[104.07060251600012,11.147665062999977],[104.07085105099998,11.145907005000026],[104.07083316300009,11.143608943000118],[104.0708879600001,11.140047368000069],[104.07089533900012,11.136819102999993],[104.07077480100008,11.133681998000043],[104.07044459600019,11.130428951000113],[104.07031376000003,11.126659946000075],[104.07063692200012,11.122834695000051],[104.07048069900009,11.120030932000134],[104.07032698200004,11.115986048000138],[104.07013779800002,11.112297116000093],[104.0694377760002,11.107918217000076],[104.07010829000006,11.104897719000064],[104.0712335570002,11.101566640999977],[104.07237063900016,11.09801856300004],[104.07322702300013,11.095194173000152],[104.07430590000013,11.091576952000082],[104.07480186500004,11.088532158000021],[104.07493468100017,11.086418797000022],[104.07491821500008,11.083465119000095],[104.07493003200005,11.082526959000063],[104.0753155110001,11.081402302000015],[104.07556060600018,11.080793790000143],[104.07600405800014,11.079518971000084],[104.07679755300012,11.07783151200016],[104.07713682600007,11.076200309000114],[104.07725465300013,11.074752677000049],[104.07712841000006,11.073224047000053],[104.07676895900005,11.07189138199999],[104.07558298499998,11.071017379000068],[104.07438511200007,11.070291412000131],[104.07401456100007,11.068671601000176],[104.07331766200008,11.067211302000032],[104.07168943400018,11.066244368000127],[104.06957191200013,11.065942835000158],[104.0674893970002,11.06515873100011],[104.0657213990001,11.064433231000123],[104.06397681600009,11.063454599000124],[104.06172056600008,11.062256208000008],[104.0600685620002,11.061680247000083],[104.05919710100011,11.06062178500008],[104.05938545000015,11.058703025000113],[104.06007345100016,11.057451599000103],[104.06146027400007,11.055857584000137],[104.06242705100004,11.054916734000074],[104.06419806600007,11.053045824000037],[104.06531644500018,11.052013872000089],[104.06697113300015,11.050188928000068],[104.06804297800011,11.049121779000131],[104.06967431600003,11.047251532000018],[104.06998922500009,11.046631933000185],[104.07095630900017,11.045484193999982],[104.07184130900004,11.04487651400018],[104.07300629900016,11.043832240000086],[104.07464829100013,11.042651512000077],[104.07507946900006,11.042169035000029],[104.07513989500012,11.040135698000142],[104.07500283800005,11.037769432999994],[104.07494647800019,11.03612571400015],[104.07448411000013,11.033414824000033],[104.07403229100015,11.03135731400016],[104.073661705,11.029851671000188],[104.07331653200015,11.028725906000034],[104.07247597600008,11.028770812000005],[104.07105675600002,11.028355015000159],[104.06980283500013,11.027596581000125],[104.06811428800012,11.027133107000111],[104.06677642800008,11.026683632000186],[104.06438080900006,11.025405726000145],[104.0625199810001,11.024713851000172],[104.06084535400015,11.023758039000143],[104.05829848000013,11.022388063000108],[104.05636862300003,11.021017723000057],[104.05392712600008,11.019268239999974],[104.0519508980002,11.017473847000133],[104.05083527800008,11.01633548500007],[104.04892848300011,11.015022824000084],[104.04594006500014,11.013399298000024],[104.04286935700009,11.0125565620001],[104.04022878600017,11.012001137000084],[104.03719209200011,11.01161737600006],[104.03495833400018,11.011396649000176],[104.03312003900004,11.011301503000084],[104.03003671900001,11.011274715000013],[104.02790775400018,11.010938975000158],[104.02617480600014,11.010384072000136],[104.02479064500011,11.009969315000035],[104.02316233800013,11.00951872200011],[104.0220222710002,11.00933306900015],[104.02099754400007,11.009906244000035],[104.02028566700005,11.01153616900018],[104.02012053600015,11.013294456000096],[104.019617681,11.015372670999966],[104.01917312800009,11.017117620000022],[104.01862389600012,11.018943614000136],[104.0172260990002,11.020217511999988],[104.01566636000001,11.020639726000127],[104.01426996900005,11.020626151000158],[104.01275816000009,11.019969027000172],[104.01138567000004,11.019565545000148],[104.01057932500004,11.019310851000057],[104.00941715600004,11.018969086000084],[104.00841238600003,11.018861813000001],[104.00688637700017,11.018863604999979],[104.0053148880001,11.018866372000105],[104.00471420800011,11.01886779299997],[104.00310308800005,11.018917891000058],[104.00203852300018,11.019155154000032],[104.00045581000006,11.01917820300008],[103.99986238300005,11.01923389500007],[103.99840135200003,11.019561397000189],[103.99725662400004,11.019818725000164],[103.99632744200005,11.020028154000158],[103.99580645900005,11.020145118000073],[103.99541674700009,11.019593353000175],[103.99455505000014,11.018291738000187],[103.99344006200005,11.016868339000098],[103.99187586800014,11.015236591000075],[103.99043750200013,11.013701333000085],[103.98842281100019,11.011492732000022],[103.98647231200016,11.009091043000183],[103.9840928770002,11.006585053000151],[103.98142693400013,11.003484657000115],[103.98046270300006,11.00208772100018],[103.97988565400016,11.002132129000131],[103.97785124300015,10.99946674600011],[103.97495643100007,10.996088604000022],[103.97252625400017,10.993675052000185],[103.97102622000006,10.992744238000057],[103.96873483700011,10.99155980300003],[103.9668389250001,10.990731616000176],[103.96538522300006,10.989892492000024],[103.96303669800017,10.98763966100006],[103.96118753500019,10.986295041000176],[103.95925698800005,10.985409050000158],[103.95704711600018,10.984500613000023],[103.95552348500013,10.983638598000027],[103.95276771000016,10.981500723000124],[103.95074482100017,10.979569942000182],[103.94839633700019,10.977684368000098],[103.94676829700012,10.976523549000092],[103.94547781400001,10.975259902000062],[103.94368712000005,10.974247708000178],[103.94201250400005,10.973327464000079],[103.940605253,10.972660202999975],[103.9382798040001,10.971005229000014],[103.93667608800007,10.968742381000027],[103.93571224400011,10.966846856000132],[103.93436396900017,10.965376118000108],[103.93258523800017,10.96360659300018],[103.93081803100006,10.962456517000021],[103.92898056100012,10.96160458800017],[103.92706159800002,10.960753493000027],[103.92435198200019,10.959809175000032],[103.92236317900006,10.959061796000071],[103.9198863540002,10.957887678000134],[103.91846746700014,10.95715246500015],[103.91690971800011,10.956151132000116],[103.91615827200008,10.955737027000055],[103.915840699,10.954520808999973],[103.91573693000004,10.953567583000165],[103.91610685400013,10.95318048900009],[103.91706428000009,10.952178614000104],[103.91755365699998,10.951444513000183],[103.9176356420001,10.95091694600012],[103.91829908000011,10.95028518900017],[103.91934690000016,10.949402732000067],[103.92025534000015,10.94839318000004],[103.9201161150001,10.947829790000128],[103.91925586200006,10.947301148000122],[103.91888402900014,10.946773102000122],[103.91904747400008,10.946175744000072],[103.91998996200005,10.945947364000176],[103.92075789600017,10.94575227200005],[103.92171206500018,10.945535231000122],[103.92234023200018,10.945478671000046],[103.92324731899998,10.945709066000177],[103.92437644000006,10.9448720850001],[103.92506302600003,10.944791989000066],[103.92592371,10.944964567000113],[103.92694718700005,10.945034853999971],[103.92793674800015,10.944357874000104],[103.9288327050001,10.943945060999965],[103.92984528400012,10.943545083999993],[103.93077611700016,10.943373143000088],[103.931428246,10.94229483700002],[103.9316264680001,10.94180044899997],[103.93285966900004,10.941595651000114],[103.93362733500015,10.941710233000151],[103.93376771000015,10.940838113000098],[103.93343066000017,10.94041306600002],[103.9330822120001,10.939976673999979],[103.9329545240002,10.939459671999998],[103.93410658900001,10.939070340000114],[103.93394071300014,10.928747637000185],[103.9344660490001,10.926486558000079],[103.93478174500012,10.9243965550001],[103.934166581,10.92298376600013],[103.93323718200014,10.921571013000062],[103.9323074630002,10.920249813000169],[103.9318659490001,10.919778056000098],[103.93136639400007,10.91890596200011],[103.9316126180002,10.916895975000159],[103.93216076700014,10.914968423000175],[103.93267464900003,10.912625919000163],[103.93307149000009,10.910869646000037],[103.933409912,10.909618422999984],[103.93346960399998,10.90755126400012],[103.9334711680001,10.905748400000164],[103.93337997000003,10.903498733999982],[103.93309042800007,10.901948048000122],[103.93245211100009,10.900305722000155],[103.93201079099998,10.899546868000073],[103.93108055000005,10.899030457000038],[103.92975477200014,10.898948971000038],[103.92800955000013,10.899428914000055],[103.92686969000016,10.899485964000178],[103.92576539300018,10.898715737000089],[103.92466190800008,10.896923696999977],[103.92385018500016,10.894143642000074],[103.92307334899999,10.891364844000009],[103.92297084500007,10.888780563000182],[103.92261259000014,10.885841594000112],[103.92195108000016,10.884233082000037],[103.92110370900008,10.882315336000033],[103.91950092700017,10.879706567000085],[103.91829286700005,10.877846324000075],[103.91778241200018,10.87645649000018],[103.91844715600013,10.874539541000104],[103.91990202000005,10.873197313000105],[103.92151961900004,10.871912164000094],[103.924009437,10.870789435000177],[103.92589446400012,10.86978099400011],[103.92767468600016,10.868897644000072],[103.92951325800004,10.867521659000147],[103.93102664100007,10.865698055000053],[103.93171373800004,10.864618716000052],[103.93206389700015,10.863022779000062],[103.93126208600012,10.862195985000028],[103.92952974700006,10.861608970000077],[103.92783249900015,10.860884173000045],[103.92621636500019,10.860342761000027],[103.92471672000016,10.859525947999998],[103.92347318000014,10.858721328000058],[103.92250871300018,10.857503984000061],[103.92237063900012,10.85582722600003],[103.92253489400014,10.854265692000183],[103.92280445100016,10.851716619000001],[103.92394642500011,10.848858624000059],[103.92541375900004,10.846540924000124],[103.92643839100009,10.845151933000068],[103.9288700530002,10.843512378000014],[103.93162761100007,10.841700991000152],[103.93439702000018,10.839681635000034],[103.93581660100011,10.838546035000093],[103.93712034800006,10.83702006100009],[103.93805181700014,10.835436284000082],[103.93868113200006,10.833932847000085],[103.93920530000008,10.832658504999984],[103.93978769100005,10.8314080990001],[103.94078907000005,10.829686649000166],[103.94152258800017,10.828538487000174],[103.9427102410001,10.826840274000062],[103.9437463000001,10.825164143000052],[103.94450283300012,10.82421272900001],[103.94544610500014,10.822662870000102],[103.9455515530002,10.821526113000118],[103.94499383700003,10.820883307000031],[103.94345982100015,10.819549917000018],[103.94293714200012,10.818699245000175],[103.94231007900004,10.817619887000035],[103.9422066210002,10.816310603999966],[103.94219597400013,10.814943993000156],[103.94116185700005,10.813955926000006],[103.9396043860001,10.812886939000123],[103.93844239200001,10.81185321400011],[103.937374019,10.810209425000096],[103.93688643500019,10.809141845000056],[103.93616682300012,10.807487950000052],[103.93567960500013,10.805994232000103],[103.93477357900014,10.804684444000088],[103.93408826900009,10.803765382999984],[103.93331034000016,10.802364477000083],[103.93300924900018,10.800860095000132],[103.93302246900004,10.798977005000097],[103.9331049050001,10.797403864000046],[103.93325760400006,10.79568176100014],[103.93340977600019,10.794189115000108],[103.93350361900008,10.793270477000135],[103.93420238600004,10.791905180000015],[103.9350286680002,10.790768645000071],[103.93565771700014,10.78914990900006],[103.9358217530002,10.787692339000046],[103.93535813900019,10.785751090000133],[103.9350221410001,10.784419530000093],[103.93481393800005,10.782914339000172],[103.93460601000004,10.781169515000045],[103.93427008700007,10.779493203000072],[103.93355047700004,10.778102675000127],[103.93270251700005,10.777126536000083],[103.93183093500005,10.776287087000185],[103.92275536900019,10.770435597000073],[103.92222131100004,10.769527214000163],[103.92183851600004,10.768516497999997],[103.92171146100014,10.767517971000075],[103.92189840600003,10.766301254000041],[103.92227143500008,10.765072750000172],[103.92284234700008,10.763569129000189],[103.92339014100008,10.761893616000009],[103.92368232000001,10.76017087100007],[103.92398580600008,10.758643712000094],[103.92405678000011,10.75708296900018],[103.92403540500004,10.754890047000117],[103.92410569600008,10.754005238000161],[103.92396808900014,10.751869561000092],[103.92395749400004,10.750907611999992],[103.92414651900015,10.749176593000072],[103.9243467120001,10.748084254000162],[103.92450144000014,10.747241558999974],[103.92558101899999,10.745076182000162],[103.92673965400002,10.743096445000049],[103.92800550900006,10.740933960000064],[103.92936372600008,10.738829431000113],[103.93043761700005,10.737042671999973],[103.93157963100003,10.735383872000057],[103.93269201500004,10.733368906000123],[103.93404980100013,10.731286955000087],[103.93523183200011,10.729284650000068],[103.93592268000009,10.727434384999981],[103.93698993400011,10.725315254000066],[103.93827719500013,10.723279380000008],[103.93986637600011,10.721270525000023],[103.94124419000002,10.719396583000048],[103.94219271300011,10.71820503500004],[103.94361091500019,10.715963855000041],[103.94422676400006,10.714458063000166],[103.9448013810001,10.713387315000034],[103.94564452400016,10.712251911000067],[103.94707223400013,10.711709649000113],[103.94944411900002,10.711055270000088],[103.95156910800006,10.710569593000116],[103.9540348910001,10.709858974000042],[103.95570990100015,10.709102735000045],[103.95720852300013,10.70770159600005],[103.958238838,10.705707715000187],[103.95907686800007,10.704124632000003],[103.9599681300001,10.702094106000061],[103.96090154700016,10.700350826999966],[103.96172666300004,10.698859249000009],[103.96230534300014,10.697490057000039],[103.96264410000003,10.69584200100013],[103.96282266100013,10.693996733000063],[103.96305441400006,10.691715321000117],[103.96315347300015,10.688962114000105],[103.96314287300015,10.686528431999989],[103.96302664800004,10.685921047000136],[103.963222787,10.684279296000057],[103.96321821200007,10.683016677000126],[103.9630895680001,10.682280392000052],[103.96380714400016,10.680970432000038],[103.96480063900003,10.67909055600012],[103.9657724340002,10.677119044000051],[103.9667768500002,10.675296843000183],[103.96740543500005,10.672917264000034],[103.96751251600011,10.67039353600012],[103.96712401700006,10.668345181000177],[103.96633940900011,10.666336212000147],[103.96586990800012,10.664251419000038],[103.96575714700009,10.662448130000143],[103.9655281960001,10.66061959000018],[103.965224702,10.65912312900008],[103.96428322000008,10.656710101000101],[103.96292412300016,10.654199610000148],[103.9615730120002,10.651952514000186],[103.96082878300018,10.650357379000127],[103.96053262800012,10.649148048000143],[103.96003556400018,10.647372875000087],[103.95925650100014,10.645777621000093],[103.95833702900006,10.644225985000105],[103.95707204500002,10.642462952000187],[103.95620133599999,10.640774698000087],[103.95587471800019,10.64004679499999],[103.95580348500005,10.638564666000036],[103.95568706500018,10.637013435000028],[103.95541303500005,10.63510335500007],[103.95504761500001,10.633858752000037],[103.95475322800013,10.633315201000073],[103.95390015800007,10.631994370000143],[103.95346279000012,10.630908903000147],[103.95298601100018,10.629318038000065],[103.95298727,10.62844541100003],[103.95327455600017,10.627129508000166],[103.95328716200015,10.626279525000086],[103.95307722100006,10.62551922700004],[103.95304145700015,10.624025912000036],[103.95275814100012,10.623506137000106],[103.95201739700013,10.623265163000042],[103.95066363500001,10.622774591000166],[103.94999920200001,10.622857149000083],[103.94904023200007,10.62319870000016],[103.94849124800015,10.62335172100012],[103.94736565400012,10.62238263300003],[103.94670931500008,10.621937335000155],[103.94632264400013,10.622907011000109],[103.94549437100005,10.622287060000076],[103.94487311099999,10.621026894000067],[103.9447303680002,10.619669995000152],[103.94409790700018,10.619178431000137],[103.94321005600017,10.619441077000033],[103.94249417600008,10.619867074000183],[103.94230809600015,10.619071811000026],[103.94303159500004,10.618921646000103],[103.94337674100018,10.618399456000077],[103.94285043800005,10.61702544100018],[103.942211053,10.61622413200007],[103.94118300100007,10.615726710000104],[103.94052073400007,10.61568265599999],[103.93986580000006,10.615914431000078],[103.94012343200006,10.61658446500013],[103.94059048000014,10.61724503400012],[103.9404202560001,10.617736163000188],[103.93999649400018,10.618854910000096],[103.93963509200012,10.619699190000176],[103.93915268800004,10.620840344999976],[103.93810169400007,10.62111147000013],[103.93656647000006,10.62032068600007],[103.93631876900008,10.619754675000024],[103.93610377400017,10.618569344000093],[103.93636096900002,10.617711151000094],[103.93579452900008,10.617462816000057],[103.93487077700019,10.61778183600012],[103.9348353530001,10.618608002000087],[103.93513474800011,10.619587897000088],[103.93488849300007,10.62050264200019],[103.93451142000004,10.621193927000093],[103.93425460200012,10.621664752000072],[103.93366461800014,10.621449113000097],[103.93279838800004,10.621815796000135],[103.93181963800009,10.62192776600017],[103.9310911140002,10.621630268000047],[103.93058668000003,10.621128939000073],[103.9299424510001,10.620659915000147],[103.92924519300016,10.619834648000165],[103.92906247200006,10.61882236800011],[103.92971358000005,10.618051429000161],[103.93045307300008,10.618395310000096],[103.93083833000009,10.61751608000003],[103.93035490300014,10.616396524000095],[103.93017792800015,10.6157855350001],[103.93071565400004,10.614922031000049],[103.93013374400005,10.614855110000121],[103.92842769000009,10.61457688900009],[103.92722128800011,10.61436479200006],[103.92618689300002,10.614303613000061],[103.9255625290001,10.614041500000098],[103.92489599400011,10.613504568999986],[103.92384033800016,10.613316714000177],[103.92355021200012,10.612474744000167],[103.92431635200006,10.61180820300018],[103.92392237799999,10.610929708000015],[103.92337788000009,10.610784291000186],[103.92274051200008,10.609833751000053],[103.92156568900015,10.608278896000058],[103.920879479,10.608549503000177],[103.92005827600019,10.608176403000016],[103.91949656600008,10.60835631000009],[103.9189525720002,10.608554530000163],[103.91851780100001,10.60884581900018],[103.91803321200018,10.609102551000092],[103.91773623000012,10.609651823000092],[103.91742938800013,10.610113445000081],[103.91722958200012,10.610678884000038],[103.9168989260001,10.611175403000004],[103.91670318000007,10.611820725000143],[103.91652718300014,10.612351271000136],[103.91617273300017,10.613135483000008],[103.91589835600007,10.61373201200007],[103.91583844300004,10.614262956000118],[103.91566183600008,10.6149657630001],[103.91555353500007,10.615501326000128],[103.9153242430001,10.616055611000036],[103.91497916700013,10.616523367000013],[103.91476937300001,10.617034652000143],[103.91452652200007,10.617613636000101],[103.91428676900006,10.618095287000074],[103.91398525600005,10.618553620000057],[103.91374555800013,10.619313630000079],[103.91347753100007,10.61987734800016],[103.91359169000003,10.620423250000044],[103.913252564,10.620857863000026],[103.91296055100008,10.621364078000056],[103.9125624090002,10.621788577000132],[103.91237116100018,10.622524827999996],[103.91223882100007,10.623027291000085],[103.91205321500018,10.62352382000006],[103.91195950000014,10.62403550700003],[103.91163638700016,10.624459708000074],[103.91131305400012,10.624913733000028],[103.91097736700016,10.625458073000118],[103.91059369600009,10.625892190999991],[103.91024887200018,10.62628337700005],[103.90988444400006,10.62674627000007],[103.90967453200011,10.627286263000087],[103.90948827800014,10.627974675000189],[103.90931229100005,10.628495644000054],[103.90907825800014,10.629016411000066],[103.90884891000019,10.62958025800009],[103.90833955000011,10.629990009000153],[103.90809565100011,10.630563377000158],[103.90799184400015,10.631189869000082],[103.90799445500011,10.631816730000025],[103.90835646200009,10.632669554000074],[103.90797071500009,10.633051211000122],[103.90766430700012,10.633519089000117],[103.90715507300007,10.633890555999983],[103.90663158500013,10.63419019500003],[103.90612787000009,10.634370276000084],[103.90565772299999,10.634631820000038],[103.90519229400013,10.63492687300004],[103.90468365300006,10.635130860000118],[103.90417523399998,10.635272638000117],[103.90378665300011,10.635721084000124],[103.90335959300012,10.636107186000118],[103.90291231200013,10.636737259000085],[103.90253755400005,10.637377154000035],[103.90245800400004,10.637979802000132],[103.90237841700008,10.638592018000168],[103.90245386500015,10.639137786000049],[103.90265136100015,10.639626195000005],[103.90284668800001,10.64021102800018],[103.90303823300019,10.640757201000156],[103.90322914200004,10.641480423000132],[103.903328451,10.642117191000068],[103.90353950000014,10.642620364000038],[103.90378847500006,10.643339003999984],[103.90397528600016,10.64385645100009],[103.9040507000002,10.644411788000127],[103.90406285400013,10.645072177000145],[103.90424105200015,10.64664710400018],[103.90433547600014,10.647298211000134],[103.90452099300012,10.647848617000022],[103.90405942300009,10.64846118800017],[103.90364622500005,10.649024389000147],[103.9036341380002,10.649699048000059],[103.90327949900006,10.650118898000187],[103.90293933800007,10.650548369000091],[103.90273908500012,10.651083601000153],[103.90235953500013,10.65170433600008],[103.90186055800018,10.651903563000133],[103.90129870900012,10.652097783000045],[103.90078525100012,10.65228738799999],[103.900319722,10.652601571000162],[103.89970641899998,10.652726210000083],[103.89914855300003,10.652736229000084],[103.89859757800019,10.652595526000084],[103.8982023850001,10.652182616000061],[103.8976693690002,10.652429566000023],[103.89772996800014,10.65306619900008],[103.89778120200015,10.653616667000108],[103.89787053300017,10.654407206000087],[103.89651085600019,10.654644355000073],[103.89624100400005,10.654132822999998],[103.89564086100006,10.65421205600012],[103.895030733,10.65437738200012],[103.89441583800004,10.654523552000114],[103.89388808400008,10.654650886000184],[103.893220789,10.654815598000141],[103.89272540800016,10.65511093400005],[103.89225110700005,10.655355749000137],[103.89177504400004,10.655720067000061],[103.89122754000005,10.655957385000022],[103.89081999200005,10.656286114000125],[103.89027264200007,10.656480365000107],[103.88970056900007,10.656822863000002],[103.88916271900018,10.657064998000067],[103.8884749390001,10.657297026000094],[103.88800483200004,10.657534612000006],[103.88748162900015,10.65773851500012],[103.88694000000004,10.65768873800016],[103.88637393700014,10.657705866000185],[103.88582647900017,10.65792881800013],[103.88520162000009,10.658151496000073],[103.88465873400008,10.658446238000124],[103.88396602500006,10.65870216500008],[103.88360840200005,10.659108948999972],[103.88314123700002,10.659359567000138],[103.8826514390002,10.659687991000112],[103.88218097500015,10.660021267000161],[103.88170118200014,10.66025880799998],[103.88109709899999,10.660089174000177],[103.88048919100015,10.660457378999979],[103.88002740300016,10.660030256000084],[103.88022348800013,10.65952111200005],[103.88062843800003,10.659093992000066],[103.88124271200007,10.658623289000104],[103.8809834450002,10.658023847000095],[103.88039536100001,10.657460177000189],[103.8798585460001,10.657177473000047],[103.8792463260001,10.657086614000093],[103.87861161800015,10.65701784099997],[103.87795460800015,10.656919432000109],[103.87724552499998,10.65676172000019],[103.87679892200009,10.656324165000171],[103.87607373500003,10.656484125000077],[103.87554444900013,10.656186661000163],[103.87479160600009,10.65574061400008],[103.87447987600007,10.655192706000037],[103.8739661580002,10.654725350000092],[103.87333957800001,10.654479257000105],[103.87273434800005,10.654521417000012],[103.87222076900008,10.65401711100003],[103.87177447700014,10.653498271000103],[103.87142494200009,10.653075838000063],[103.87075352100004,10.652836969000077],[103.87033330200018,10.65335268800004],[103.86969732200009,10.653631178000182],[103.86901052600012,10.653510476000122],[103.86849556500005,10.653383003000158],[103.86781624000008,10.653262323000092],[103.86710577800011,10.653365049000115],[103.86655446900005,10.653373679000083],[103.86570102800005,10.653587180000102],[103.86519217400001,10.653829177000148],[103.86459389499998,10.65401173600003],[103.8640772390001,10.654342369000119],[103.86353888600001,10.654480807000027],[103.86304452700006,10.654841076000082],[103.8626091340002,10.65541584100015],[103.86213603100003,10.656086522999999],[103.86180504700019,10.656705998000007],[103.86158211000014,10.657362147000072],[103.8600349190001,10.657197686000018],[103.85694867500018,10.656877141000052],[103.85652651300006,10.656053652000082],[103.85634461500013,10.655536205000146],[103.85585680300005,10.655328665000013],[103.85548137500012,10.654820079000046],[103.85501323500011,10.654526482000165],[103.8544283510002,10.654404719000127],[103.854106409,10.653824550000024],[103.85373077000014,10.653373383000087],[103.853277521,10.65297935100017],[103.85293587300015,10.6524948120001],[103.85269161900004,10.651838367000096],[103.85261138800007,10.651302150000049],[103.852859938,10.650810197999988],[103.85311038100002,10.650334168000029],[103.85316868400014,10.649744264999981],[103.85323352000017,10.6492229320001],[103.85306606900008,10.64810137400002],[103.85324698200003,10.646959678000087],[103.85356453300011,10.646080370000163],[103.85369712500011,10.645549715000016],[103.85374783800012,10.644923059000064],[103.85387625300018,10.644215342000052],[103.85392218400017,10.643574315000023],[103.8540453110001,10.64298620300002],[103.8544048060001,10.642576004000091],[103.85473086400009,10.642050840000024],[103.8549361540002,10.641482169000085],[103.85532671100009,10.641054216000157],[103.85551103000017,10.640388490000134],[103.85590428800003,10.640002335000077],[103.85628339200014,10.63952042700015],[103.85671529200016,10.639148768000041],[103.85720073900006,10.638686386000131],[103.85750263800008,10.63815156100003],[103.8576496940002,10.637630525000077],[103.85791264699998,10.637162547999992],[103.85800224100012,10.63648339600013],[103.85793708400018,10.635794109000017],[103.8579633170001,10.635243924000065],[103.85818304900016,10.63468965800007],[103.85838325600014,10.634183170000085],[103.85862683800002,10.633719907],[103.85885112200009,10.633242215999985],[103.85939667300005,10.632509579000043],[103.85965853800013,10.63204410200018],[103.86010989800019,10.631639010000072],[103.8603398260002,10.631039278000173],[103.86020581700001,10.630327833000024],[103.86108173100001,10.630527069000152],[103.86156703100005,10.631345988000135],[103.86195257800006,10.631730192000134],[103.86244445400007,10.632138703999999],[103.86297557900002,10.632399022000072],[103.86350153000012,10.632750236000163],[103.8640765250002,10.63291979600018],[103.86421467999998,10.633494503000179],[103.86454188800008,10.633959837000134],[103.86511670900012,10.63417724499999],[103.86561112100014,10.633901498],[103.86582093800018,10.633409391999976],[103.86607914100017,10.632912680000118],[103.8664684420001,10.632282455999984],[103.86699330000005,10.631619227000101],[103.867367785,10.631070294999972],[103.86764584400004,10.630434884000067],[103.86795313700014,10.629742156000134],[103.86827880400017,10.629312675000051],[103.86847906200006,10.628787038000155],[103.8686473080001,10.627758853000103],[103.8686448680001,10.627108074000148],[103.86868319000007,10.626407995000022],[103.86867962000014,10.625461940000037],[103.8686310080002,10.624814378999986],[103.86833452600018,10.62337460100008],[103.86838488400008,10.622834068000031],[103.86819944700011,10.622204781999983],[103.86783886500007,10.621367867000117],[103.86737292300006,10.620485736000035],[103.86670507000014,10.619267921000073],[103.86610882200006,10.618308757000136],[103.8657443780001,10.617842814000028],[103.8650789020001,10.616903014000059],[103.86467966800006,10.616298653000058],[103.86425100900004,10.615804243000014],[103.86375008099998,10.61523301000011],[103.86336989800009,10.614710062000029],[103.86263322400004,10.61379823700014],[103.86219018600019,10.613270276000094],[103.86174199000004,10.61282842899999],[103.86093284700013,10.611897197000076],[103.86051849600005,10.611460255000168],[103.8599215370001,10.610702052000022],[103.85926165000018,10.609957974999986],[103.85867851700016,10.609386437000126],[103.85834181000007,10.60888278300007],[103.85789851700008,10.60842659500014],[103.85736912300013,10.607711697000127],[103.85699342500016,10.607289248000086],[103.85654412100013,10.606639629000085],[103.85622367700006,10.606176317999996],[103.85585747900012,10.605801752000104],[103.85532628500005,10.60507238100007],[103.85496255400005,10.604535241000065],[103.85454848800009,10.604026518000126],[103.85399483800012,10.603335455000092],[103.85327349400012,10.602217910000036],[103.852792507,10.601498397000114],[103.85239793600016,10.60095146499998],[103.85207579500008,10.600438288000078],[103.85172459600005,10.599934579000035],[103.85127711200016,10.599310888000048],[103.85095459900003,10.598898199000075],[103.85052657400001,10.598245868000049],[103.85010809600004,10.597627069000112],[103.84979120700001,10.596594319000076],[103.84867076200015,10.596564321000074],[103.84876084000012,10.595755976000078],[103.84853801100007,10.595229083999982],[103.84816220500005,10.594813101000113],[103.84747214499998,10.593990505000136],[103.8466005200001,10.59296254000003],[103.84609909800014,10.592315358000178],[103.84565109900012,10.591835211000102],[103.84526045200005,10.59137492900004],[103.84468324200009,10.590692825000133],[103.84421096000005,10.590241297000034],[103.84400514600009,10.589666337000097],[103.84358076600017,10.58933939700006],[103.84322437800017,10.588936146000151],[103.84275223500009,10.588403400000118],[103.84238185400011,10.5879090520001],[103.84202081400008,10.587457934000042],[103.84158196500005,10.587121368999988],[103.84128410600005,10.586589134000121],[103.84111541400011,10.586053043000106],[103.84032559400015,10.585542469000131],[103.84001788600006,10.585058048000064],[103.83957915000019,10.58469277200004],[103.83921806400014,10.584256004000167],[103.83894919200009,10.583733444000075],[103.8385669760001,10.583264864000057],[103.83813053700015,10.582797347000167],[103.83785197300017,10.58233983499997],[103.83747133100013,10.581960415000026],[103.83720459300008,10.581513782000115],[103.83682291500014,10.58114228100004],[103.83644082500012,10.580774710000071],[103.83602617100013,10.580438228000105],[103.83595909000013,10.579887598000028],[103.83555595500007,10.579445990000067],[103.83504216700004,10.578576639000175],[103.83472911100006,10.578122267000083],[103.83439209500006,10.577719081000112],[103.8340744570001,10.577306393000072],[103.83372880100006,10.576630425000076],[103.83332918800016,10.57615523100003],[103.83306508000015,10.57565661100017],[103.83261649100007,10.575343924000151],[103.83255104700015,10.574745554000003],[103.83221901700006,10.574304102999974],[103.83177065100006,10.573933995000118],[103.83135179100003,10.57343480100019],[103.83099614400004,10.572844924000151],[103.83062548400011,10.572388974999967],[103.83028413300019,10.571856572000058],[103.82994721800009,10.57142945400011],[103.82974155100004,10.570825780000064],[103.8293610790002,10.570408071000031],[103.82902528900013,10.56968428700003],[103.82848684100014,10.569040960000166],[103.82812633700019,10.568259798000042],[103.8275906990001,10.567951570000105],[103.82719063400009,10.56760077700011],[103.82684918300004,10.567097080999986],[103.82662374600011,10.566366666000079],[103.82645170000006,10.565825318000009],[103.82611476200009,10.565407769000046],[103.8256320010002,10.565185863000124],[103.82537758500013,10.564687277000075],[103.82508926200012,10.56420291700016],[103.82472834700002,10.563732642000048],[103.82443079100011,10.563133406000077],[103.82418168900011,10.562510426000188],[103.82384484500011,10.562068951000185],[103.8235280950002,10.56159671600011],[103.82334082500017,10.56108136000006],[103.8230192580001,10.560438970000064],[103.82259073900008,10.559944517000076],[103.82228799000018,10.559440961000178],[103.82187243100014,10.55870254000007],[103.82151011500002,10.557912938000129],[103.821357337,10.557395585000052],[103.82084582900012,10.557106577000127],[103.8206931790001,10.55655573000007],[103.82055016400011,10.556014491000155],[103.82037806300013,10.555492282000046],[103.81996827800009,10.555160586000113],[103.81971874900012,10.554652443000066],[103.81929924000013,10.554335066000021],[103.81903502400013,10.553874717000042],[103.81859638300017,10.553010226000026],[103.81818980600019,10.552330784000105],[103.8176753210002,10.55155847400016],[103.81754189600008,10.551041192000184],[103.81766481700004,10.550510516000145],[103.81730374500017,10.550088085000084],[103.81694261800004,10.549680007000063],[103.81691578100003,10.54911049000009],[103.81641874400003,10.548835885000017],[103.81631927900008,10.548290021000184],[103.81585134900007,10.547991600000103],[103.8154952110001,10.547545259000174],[103.81550696800008,10.54699981400006],[103.81487940500011,10.546353163000163],[103.81431915100012,10.545272759000113],[103.81439873600004,10.544694072000084],[103.81409156200004,10.544090011000094],[103.81361281000005,10.543327015000045],[103.81331033000004,10.542761252000048],[103.81297901900007,10.542147528000044]]],[[[103.75725385400017,10.519401011000127],[103.75791574800007,10.519299559000103],[103.75843803200007,10.519054500000152],[103.75899040900003,10.518952620000107],[103.75962556700006,10.518963774000099],[103.7602917530001,10.518884010000079],[103.760909303,10.518916771000022],[103.76148801300013,10.518801981000138],[103.76207076000009,10.518773911000153],[103.76249407600017,10.51917873400015],[103.76314238000015,10.519189932000188],[103.76375599800008,10.519109956000136],[103.76430447700011,10.518886666000128],[103.76481834000009,10.518554859000119],[103.76537097100004,10.518387941000185],[103.76599309200009,10.518373021000173],[103.76662024900003,10.518193382000163],[103.76722037900015,10.5182000530001],[103.76778496700013,10.518332300999987],[103.76846858800013,10.51827426400007],[103.76898267000018,10.517886094000119],[103.76956496900016,10.51797072200003],[103.7701873470001,10.517890768000143],[103.7707567600001,10.517910315999984],[103.77138850100005,10.517678664000186],[103.77157916499999,10.517098489000034],[103.77215806000004,10.516935995000097],[103.77283772700002,10.516769553000188],[103.77328562800005,10.516498169000101],[103.77378577300016,10.516309355000146],[103.774321031,10.516103337000118],[103.77486491200017,10.515932030000101],[103.77533488500006,10.515617375999966],[103.7758136710001,10.515289751000125],[103.77639716400012,10.515070908000098],[103.77691938000015,10.514838822000058],[103.77745892800004,10.514654490000055],[103.77814750100009,10.514449053000021],[103.77861721700003,10.514199420000068],[103.77916533799998,10.514062805000037],[103.77978402400004,10.513805073000071],[103.78060488000011,10.513379044999965],[103.78114466400018,10.513134015000105],[103.78164065700008,10.512884477000114],[103.78220678900004,10.51262220500007],[103.78270305300009,10.512303304000056],[103.783212354,10.512010466000163],[103.78371749400009,10.511661252000067],[103.7843447150002,10.511459900999967],[103.78498933700007,10.511288961000048],[103.78553345800003,10.511052609000046],[103.786129964,10.51086414100007],[103.78659971500008,10.510601492000092],[103.78719625100007,10.51040435300007],[103.78759221000001,10.509968011000183],[103.78811515200016,10.509545158000094],[103.78862490300014,10.509135260000107],[103.78913855899998,10.508846762000076],[103.78950836400014,10.50837563500005],[103.789952503,10.507939474000125],[103.79033950800016,10.507550780000088],[103.79087581900001,10.507067282000094],[103.79124964700003,10.50668720699997],[103.79173244800012,10.506446273000108],[103.79223312500005,10.506114368999988],[103.79271159300004,10.505860411000128],[103.79312910400006,10.505510846999982],[103.79346818600004,10.505052601999978],[103.79397770100019,10.50469905100016],[103.79425986800015,10.504231919000063],[103.79462064799998,10.503825782000092],[103.79474113800018,10.503253990000019],[103.79510623100009,10.502865206000024],[103.79548444300013,10.502480809000133],[103.79582784900015,10.502035584000112],[103.79584793800012,10.501372371000059],[103.7959947080002,10.500800680999987],[103.79601424300012,10.500280530000055],[103.79604263700014,10.499734401000069],[103.79600524300008,10.499209700000108],[103.7959155370001,10.498619771000051],[103.79584313200007,10.498086264000051],[103.79584103200006,10.497496668999986],[103.79599661000015,10.496912005000127],[103.79595930099998,10.496365627000046],[103.79590898300012,10.495784517999994],[103.79584547200005,10.495216364999976],[103.7958212210001,10.49469171200019],[103.79574039200008,10.494071470000051],[103.79568984100007,10.493551053000033],[103.79554290300018,10.493034606000037],[103.79546219300005,10.492384018000052],[103.79543820700002,10.491790004000109],[103.79535326700011,10.491100383000116],[103.79534259100012,10.490463068000054],[103.79524009800008,10.48978205000003],[103.79513295300018,10.489170379000143],[103.79499556900004,10.488450214000125],[103.79489262200013,10.487886246000016],[103.79482901600016,10.487344102999998],[103.79480061800012,10.486758742000177],[103.79469319100002,10.486220768000067],[103.79465583100017,10.485687397000106],[103.794675783,10.485058867000134],[103.79471354200001,10.484356707000131],[103.7949170940002,10.483824245000108],[103.79486216300018,10.483303812000145],[103.794886109,10.482775007000157],[103.79503702800014,10.482259688000056],[103.79556756599999,10.482122970000148],[103.79611131100012,10.481968957999982],[103.79574963300007,10.4814820470001],[103.79570364500017,10.48091395900019],[103.7956006660001,10.480358661000082],[103.79569056300016,10.47976507800007],[103.79563138300006,10.47920994600014],[103.79555473599999,10.47864174300014],[103.79537279500016,10.478116493000186],[103.79543611100007,10.477600842000072],[103.79548661900014,10.476998438000123],[103.79519942299999,10.476507473000083],[103.7952414070001,10.47584434300012],[103.79562453200009,10.475312562000113],[103.7957887550001,10.474753940000028],[103.7957648530001,10.47413824900002],[103.79572421300009,10.473318739000035],[103.79568610400003,10.471844621000116],[103.79568817900014,10.471307062000164],[103.79568744500006,10.470361983000032],[103.79575516800008,10.469837675000178],[103.79572725200006,10.469126596000024],[103.7957606710001,10.46841141100009],[103.79575097800006,10.467518320000181],[103.79574564500007,10.466629580000188],[103.79583660500015,10.465758545000142],[103.7962673290001,10.465374337000185],[103.79649271000017,10.464854961000185],[103.79678797300016,10.464387871000099],[103.797030989,10.463838217000045],[103.797317438,10.463384099000166],[103.79773921100019,10.463047542000083],[103.79772810800006,10.462518604000024],[103.79781379600007,10.461877313000173],[103.79786086600001,10.461027787000035],[103.79783259400017,10.460407745000111],[103.79780425200016,10.459805041000152],[103.79774973100018,10.459176228000047],[103.79760760100015,10.458551420000049],[103.79736932700013,10.45786989200019],[103.79719625300004,10.457318664000013],[103.79691793000018,10.456801725000162],[103.79648186800017,10.456301528999973],[103.79594438700019,10.45597869400018],[103.7954314800001,10.456098145000055],[103.79475581800017,10.456399058000159],[103.79391860200019,10.456569302000048],[103.7932177310002,10.456592661999991],[103.79257844400013,10.456546891000016],[103.79207538600008,10.456384581000123],[103.79155995900015,10.456022807000181],[103.79116715300017,10.455665830000044],[103.7908013780002,10.455113872000027],[103.79051496300019,10.454427822000127],[103.79001647300015,10.454217842000162],[103.78946824500008,10.454410848000123],[103.78895104300011,10.454508593000128],[103.78835515800012,10.454567024000085],[103.78776405700012,10.454521426000042],[103.78723905500004,10.454372033000027],[103.78667414800009,10.454348210000092],[103.78604728300019,10.454488887000082],[103.78551771700006,10.454387161000056],[103.78489184900013,10.454272063000133],[103.78476679000005,10.45376870400014],[103.78453648200014,10.453299623000134],[103.78433291100009,10.452713595000148],[103.7838210700001,10.452559911000037],[103.78320315400015,10.452652931999978],[103.78258583000007,10.452594218000115],[103.78196412400013,10.452535489000127],[103.78132523900013,10.452389987000174],[103.78082677900005,10.452175658000101],[103.78047406600012,10.451649751000048],[103.78008149600015,10.451236407000124],[103.77966686200011,10.45086633000011],[103.77951558300015,10.450349862000053],[103.77944314500019,10.449833698000134],[103.77945395000006,10.449309179000181],[103.77912738600008,10.448818053000025],[103.77887546300008,10.448279525000089],[103.7789300660001,10.447755174999998],[103.7788055100001,10.447126095000044],[103.77874656500006,10.446518941000079],[103.77841110900005,10.446062462000043],[103.77790357900017,10.445930464000128],[103.77728698100009,10.445689667000181],[103.77671820300014,10.445540091000055],[103.77618444600012,10.445394986000053],[103.77574799300015,10.445007480000129],[103.77506876200016,10.445104583000102],[103.7744336140002,10.445128159000092],[103.77386450000017,10.44506528100004],[103.77328326700012,10.444742243000121],[103.7728643370001,10.444354802000134],[103.77229663600014,10.44393210700008],[103.77182904100005,10.443670197000074],[103.77137035700014,10.443369304000157],[103.77124106200017,10.442835580000008],[103.771081181,10.442284395000172],[103.77079824500004,10.441841118000184],[103.77043657700017,10.441371524000033],[103.77001741700008,10.441044772000168],[103.7696041550002,10.441446353000117],[103.76981250000011,10.441924026000095],[103.76981018200007,10.442513603000123],[103.76960660600014,10.443050382000024],[103.76931581300016,10.443491449000021],[103.7691343240001,10.443980626999974],[103.76882171600005,10.444399933000057],[103.76838620800004,10.444888131000141],[103.76774437600005,10.445496915000035],[103.76730475700003,10.445915730000138],[103.76678171700007,10.446386244000166],[103.76633790300014,10.446757355000045],[103.76578454900016,10.447141047000002],[103.76527083000002,10.447468533999995],[103.7643742530002,10.447758885000155],[103.7638634070002,10.447505334000027],[103.76329271800012,10.44720962000008],[103.76270971700012,10.44735061800003],[103.76219684100016,10.447610686000075],[103.7618208450001,10.448070446000088],[103.76152610100007,10.448513049000042],[103.76112873000017,10.449021642000105],[103.76055568800018,10.449319909000167],[103.75998398900003,10.44927925400009],[103.75957656600013,10.449651535999976],[103.75900346600014,10.449963777000164],[103.75839146900006,10.450293333000047],[103.75807177600018,10.450795235000044],[103.75787922800004,10.451280162999979],[103.7575169220001,10.451844792000088],[103.75727791400004,10.452472793000084],[103.75676149800012,10.452732838000031],[103.75650553200006,10.45318606900014],[103.75670408600018,10.453854212000067],[103.75685001200014,10.45444178400004],[103.75670678300014,10.454951359000177],[103.75649612100011,10.455551517999993],[103.75600319800009,10.456115637000039],[103.75564855600004,10.456526553000117],[103.75522305999999,10.457000086000164],[103.75487883800014,10.457452972000112],[103.75448866900007,10.457919654000023],[103.75394651400006,10.458434657999987],[103.75356696000011,10.458894392000047],[103.75321239499999,10.459284339000021],[103.75261701900013,10.459865520000108],[103.75214898500013,10.460380812000096],[103.75171695199998,10.46072153800003],[103.75115352000012,10.461257418000116],[103.75078478700004,10.46165779000006],[103.75039850200017,10.462033634000079],[103.74996960100009,10.462472204000107],[103.74944895900018,10.462899933000074],[103.7490693520001,10.463370140000166],[103.74863348300005,10.463784223000062],[103.7481940580002,10.464205278000179],[103.74770155500005,10.464657573000181],[103.74729422000019,10.464998390000062],[103.74683376500019,10.465380924000101],[103.746450746,10.465819669000041],[103.7458249350002,10.466061792000119],[103.74530826200015,10.46637771800016],[103.7449427910002,10.466840987000182],[103.744419015,10.467167365000023],[103.74388378800006,10.467706832000147],[103.74356409400008,10.468198233000066],[103.74295504000014,10.468660541000077],[103.74251233600012,10.469015186000036],[103.74202033800009,10.469338190000144],[103.74159868700008,10.469724366000094],[103.7410425650001,10.470190370000125],[103.74051516400004,10.470537691000175],[103.73992356700006,10.471045481999965],[103.73936034000008,10.471521937999967],[103.73891771300015,10.471855614000049],[103.738418265,10.472272921000013],[103.7379126030001,10.472480560000065],[103.73729821300009,10.472513064999987],[103.73673070400008,10.47230117200013],[103.73634806500013,10.471768560000157],[103.7359331510001,10.471361604000037],[103.73542932800007,10.471115022000049],[103.7349400830002,10.470756687000176],[103.73449762400008,10.471048430000053],[103.73437547300017,10.471572051000123],[103.73440835100007,10.47216966100018],[103.73433905299999,10.472717951000106],[103.73401956700002,10.473153435000029],[103.7335980420001,10.473504657000149],[103.73311673300014,10.473799738000139],[103.73252343600018,10.473853280000128],[103.73207025100004,10.474176420000049],[103.7318668440002,10.474713693000183],[103.73240279400011,10.47487305900006],[103.73297080100014,10.474962671000185],[103.73345683200012,10.475244126999996],[103.73358137900004,10.475870055000144],[103.7336424990001,10.476467778000085],[103.733456811,10.476987651000059],[103.73326766700018,10.477490040000134],[103.73333247000011,10.478049344000055],[103.73311143900003,10.478579559000138],[103.73279163200016,10.479091907000054],[103.73242228500004,10.479632013000185],[103.7321307150001,10.480144475000088],[103.73221681199999,10.480675913000027],[103.73245486500008,10.481169518999991],[103.73296583100006,10.481398666000075],[103.73348912000012,10.481201590000069],[103.73393159500006,10.480909850000103],[103.73430734700003,10.480530494000163],[103.73478495400002,10.480280823000044],[103.73528717000005,10.48005570500004],[103.73582745600015,10.480019419000087],[103.73639971000006,10.47993434100016],[103.73688087300019,10.479677691000063],[103.73745364900014,10.479463334000172],[103.73799121000013,10.479227871000148],[103.7385354050001,10.479097254000067],[103.73913183100007,10.479145038000127],[103.73967139600006,10.47928693900002],[103.74029305700009,10.479205541000056],[103.74065466800005,10.478829616000098],[103.74116746800001,10.478604532000134],[103.74167018800006,10.478253620000089],[103.74216211900017,10.477951581000013],[103.74259434300006,10.477572437000106],[103.74300898500007,10.477175755000133],[103.74348321900004,10.476884127000176],[103.74397309199998,10.477092206000066],[103.74447861700014,10.476919499000076],[103.74503955100005,10.47725499400002],[103.74506935200009,10.477908721000063],[103.74544254200009,10.478946047000079],[103.74565270500017,10.479469178000102],[103.74594850900013,10.479957632000037],[103.7462178250002,10.480434312],[103.74649901499998,10.480890611000007],[103.74678210300016,10.481609529000025],[103.74705694200009,10.482179603000077],[103.74718163500017,10.482696562000172],[103.7473181370001,10.48321064900017],[103.74741793200008,10.484054316000027],[103.74750718199999,10.484588642000006],[103.74754040200008,10.485125666000044],[103.74760000300017,10.485700729000143],[103.74772166999998,10.48623810099997],[103.74771060800015,10.486789540000075],[103.74774377000006,10.487341153000159],[103.74770911200005,10.487895419000154],[103.74768623200009,10.488452645000109],[103.74767488000003,10.489077031000079],[103.747628497,10.489613744000167],[103.74757907100019,10.490173785000025],[103.74748493000016,10.490856203000021],[103.74740840700008,10.491556198000126],[103.74734697899999,10.492168714000172],[103.74744783000006,10.492749772000082],[103.74714814400016,10.493224210000108],[103.74700149400007,10.49376635900012],[103.74689325500009,10.494288237000092],[103.74671996500018,10.49485654200015],[103.74650228500008,10.495465527000022],[103.74638522200007,10.495981533000077],[103.74624982000006,10.496657949000053],[103.74618845600014,10.497252959000093],[103.74617156300008,10.497786866000126],[103.74607218900002,10.49830294200001],[103.74603172100007,10.498833840000088],[103.74607352400005,10.499435092000056],[103.74602719400013,10.499957211000037],[103.74594249000006,10.500490853000144],[103.74590498100008,10.501018844000043],[103.745799283,10.501639937000164],[103.74562021800006,10.502176122000037],[103.74542050100013,10.502715144000035],[103.74534143100016,10.503312999000059],[103.74524190000017,10.503867007000053],[103.74514503300009,10.504491054000084],[103.74506889800006,10.505091838000055],[103.74500756300006,10.505678093000142],[103.74497593500013,10.506209025000032],[103.74493241000016,10.506766171000095],[103.74516005300006,10.507344813000032],[103.74501031200003,10.50791904800002],[103.74487643800012,10.508464768000067],[103.74480127200013,10.509047486000156],[103.74461348700015,10.509652689000006],[103.74432357500012,10.510139573000174],[103.74406988600003,10.51067245300004],[103.74384930600007,10.511202192000098],[103.74358586900019,10.511689177000108],[103.74336535300006,10.51220254000009],[103.74300926900008,10.512682607999977],[103.74262995200007,10.513178963000144],[103.7422709170001,10.51357058299999],[103.74191818300005,10.514040839000188],[103.74159813200015,10.514612757000066],[103.74134804600004,10.515070319000131],[103.74104833000013,10.515524404000132],[103.74068818800015,10.516187876000117],[103.74052068400016,10.516754996000145],[103.74044064800012,10.517414994000035],[103.74061267300004,10.517918092000116],[103.74098806400008,10.518350221000048],[103.74153266500014,10.518787808000127],[103.74199714900004,10.519223300000078],[103.74259136500018,10.519501822000052],[103.74331663200002,10.519578341000056],[103.74397364600003,10.519659855000043],[103.74457297500015,10.519775891000052],[103.74549101100007,10.519937427000116],[103.74609497500012,10.520045082000081],[103.74681504200015,10.520138843000097],[103.74736058200017,10.520346749000055],[103.74791128700014,10.520473332000165],[103.74851076800007,10.520494836000125],[103.74913007100008,10.520396797000103],[103.74969587800013,10.520375105000085],[103.7502327520001,10.520334157000093],[103.75096831100012,10.520183938000173],[103.75163617400005,10.520033449999971],[103.75235697500011,10.519945374000145],[103.75292309800011,10.519836440000006],[103.75343541700016,10.519668264000131],[103.75439114200009,10.51936141800013],[103.75493583600007,10.51955665200012],[103.75553156900003,10.519567663000089],[103.75611005600001,10.519509240000104],[103.75670604800013,10.519455219000179],[103.75725385400017,10.519401011000127]]],[[[103.61961754900005,10.483696611000028],[103.61953615500005,10.48422868099999],[103.61977067700013,10.48481258600009],[103.61989831000011,10.485353131000124],[103.61998827300016,10.486340143000064],[103.62020465000006,10.48699209900002],[103.62048055800011,10.487442448000081],[103.62065077599999,10.488154764000058],[103.62067617200017,10.488752904000137],[103.62071281400017,10.489353104999964],[103.62070096700018,10.489942696000185],[103.62072622700015,10.490495881000015],[103.62135534400005,10.490894513000171],[103.6220815160001,10.489788514000054],[103.62217146000006,10.489240817000109],[103.62206789600003,10.488608791000047],[103.62221737700003,10.487894084000118],[103.62213841400018,10.487300759000163],[103.62203658400011,10.486689673000058],[103.62238512500005,10.486282404000008],[103.62243593400012,10.48574767700012],[103.62262725400012,10.485147954000126],[103.62256333000016,10.484612730000094],[103.62244630300017,10.483978869000111],[103.62292726900017,10.483604975000105],[103.6230497740001,10.4829999050001],[103.62261963700013,10.482256186000143],[103.62221588599999,10.48188855400008],[103.62160686500016,10.481239944000095],[103.62105173400016,10.481088662000161],[103.62073111700016,10.48152380900001],[103.6204993090002,10.482055228000036],[103.62020143500007,10.482535891000111],[103.61986275599997,10.48301889999999],[103.61961754900005,10.483696611000028]]],[[[103.59257767500009,10.505170787000111],[103.59315957100011,10.50516360600011],[103.59378073500017,10.50519563600011],[103.59431451000017,10.50492472100018],[103.59526074100006,10.505041149000022],[103.59576228400005,10.50535568600003],[103.59624901600017,10.50567503700006],[103.59678646600008,10.505682292000074],[103.59732766100018,10.505953082000076],[103.59791882400015,10.506077692000076],[103.59852467100006,10.506226766000168],[103.59907198700006,10.506234061000157],[103.59955224400011,10.505801861000066],[103.60004729500014,10.505369727000016],[103.60030110200006,10.504853567000168],[103.60021000400019,10.50427733000015],[103.60030632800016,10.50369215700016],[103.59972533700011,10.50349927600007],[103.59953047300019,10.502971378000098],[103.59955829300014,10.502268785000126],[103.59946206700005,10.501736444000073],[103.59919786400008,10.501276560000008],[103.59952076800016,10.500746066000033],[103.59915312800013,10.500261328000079],[103.59928665200016,10.499710891000063],[103.59907130900001,10.499219515999982],[103.59889483600006,10.498488758000121],[103.5990833030001,10.497897809000165],[103.59934331200003,10.497446419000141],[103.59944436600006,10.496894628000007],[103.59980618100008,10.496491982999999],[103.600242396,10.495981509000046],[103.60052544700005,10.495538675000034],[103.60109867000017,10.495263040000054],[103.6017796430001,10.495148917000108],[103.60232209700007,10.495136663000153],[103.60285006200013,10.495056025000054],[103.60350217400008,10.494780732000095],[103.60407118500018,10.494344031000082],[103.60437881800016,10.49391594400015],[103.6046089410001,10.49338268400004],[103.60506979300004,10.492669699000146],[103.6053381960001,10.492192637000073],[103.6056676870001,10.491766529000188],[103.60610447100004,10.49139165300005],[103.60636979700013,10.490855165000085],[103.60656988600005,10.490216762000102],[103.60633585300013,10.48962525600001],[103.60606191900007,10.489136057000167],[103.60584276800012,10.488525097000036],[103.60634242500015,10.48815640800018],[103.60630062400014,10.487580385000058],[103.60669200500013,10.487167301000113],[103.60720086700013,10.486945050000145],[103.607557971,10.486478133000162],[103.60779254700009,10.48584476000002],[103.6078791340002,10.485225379000042],[103.60803056300006,10.484440361000111],[103.6079744480001,10.483756916000118],[103.60794300700007,10.483068699000114],[103.60771829200007,10.482599236000112],[103.60712718800016,10.482469769000147],[103.60653025400018,10.482667495000157],[103.60595497999998,10.482934112000066],[103.605403636,10.483081978000087],[103.6047188930001,10.482942336000065],[103.60385204699998,10.482728695000048],[103.60330525600011,10.48261405500017],[103.60192186300014,10.482139500000073],[103.6012331570002,10.481785114000047],[103.6007759490002,10.48148542600012],[103.59989136200011,10.480832496999994],[103.59943466400017,10.480420569000046],[103.59889066200009,10.47968617700002],[103.5986516970001,10.479099526000084],[103.59840920900012,10.478200542000138],[103.59834285700015,10.477604892000045],[103.59887186600014,10.477285141000152],[103.59905666400016,10.476758916000051],[103.59956518300004,10.476609874000133],[103.60025597800006,10.47649579400013],[103.60072560100014,10.476224580000064],[103.6009303780001,10.475639881000063],[103.6006924400001,10.474823877000063],[103.60023180100012,10.474192333000019],[103.5996071450001,10.473852867000005],[103.59889221100013,10.473854602000074],[103.59793046600004,10.47391868900013],[103.5972991280002,10.473969589000092],[103.59662371400009,10.475049968000008],[103.59651782600002,10.475571660000014],[103.59629380200016,10.476048910000088],[103.59605007800008,10.476521193000167],[103.59613482700007,10.477409722000061],[103.59599277500001,10.478297252000118],[103.5957392520001,10.478754851000076],[103.59470023800009,10.479550582000115],[103.59398821700006,10.479996396000047],[103.593326053,10.480320425999992],[103.59231297800011,10.480828344000145],[103.5913747210002,10.481146271000057],[103.59069899400015,10.48119695700018],[103.58986089000007,10.48117372500019],[103.58927959600015,10.481058909000126],[103.58872451900015,10.480597733000138],[103.58859466600012,10.479874922000079],[103.58830135500011,10.479317307000088],[103.58785614600015,10.47891872200006],[103.5873371200002,10.47883967000007],[103.58680920300009,10.478915407000045],[103.5862209230001,10.47925439300019],[103.58563501400005,10.479071230000045],[103.58539102800012,10.47959718200002],[103.58499423900003,10.480112692000034],[103.58436691300017,10.480363660000023],[103.5840493660001,10.480801444000008],[103.58347125100016,10.481072148000067],[103.58286877400013,10.481279304000111],[103.58225698900003,10.48136441700018],[103.58165537600007,10.481381255000144],[103.58095479600001,10.481475733000138],[103.58031724700015,10.481804722999982],[103.58011282799998,10.482301567000093],[103.58004115700004,10.48288195900011],[103.57994411800007,10.483618397000157],[103.58011906100006,10.484180373000072],[103.58074282100017,10.484715069999993],[103.58124411900008,10.48507354200018],[103.5816809860001,10.485504924000168],[103.58234592600002,10.48565916900003],[103.58286280800019,10.485504999000113],[103.5834150870001,10.485249092000117],[103.5840923340001,10.485452230000078],[103.58474226300012,10.485655200000167],[103.58535745900008,10.4859068130001],[103.58584905800018,10.486231076000024],[103.58636812500004,10.486482305000152],[103.58684749400015,10.486782068000139],[103.58713114599999,10.487295725000081],[103.58704493400018,10.487822377000157],[103.58704238900003,10.488383561000035],[103.58714833800019,10.48894034600005],[103.58770913000006,10.489230756000097],[103.58747475500013,10.489810428000055],[103.58794141900017,10.490198019000104],[103.58806694100008,10.49078905100015],[103.58779045500012,10.491589031000046],[103.58753214100005,10.49237754100011],[103.58713054100002,10.493188948000181],[103.58662302200008,10.493871645000127],[103.5863300690001,10.494319300000086],[103.58575480100006,10.495043853000084],[103.58541202800006,10.495603522000124],[103.58479282100006,10.496230278000098],[103.58421325799998,10.496813291000137],[103.5833322260001,10.497546237000051],[103.58260482100002,10.498109066000154],[103.58211993800018,10.498472899000149],[103.58130484100013,10.498801098000001],[103.58064757599999,10.499120236000124],[103.58007917600008,10.499415374000023],[103.57955542000008,10.499652148999985],[103.57908927200003,10.500230777000127],[103.57881096100004,10.500707766000062],[103.57862580100016,10.501302291000115],[103.5780616790002,10.501738959000022],[103.57774849200013,10.50229387100012],[103.5781011480002,10.502812721000055],[103.57822107500004,10.50354524900007],[103.57858310400007,10.504171500000098],[103.57858060600006,10.504718041000103],[103.57873098800007,10.50526039000016],[103.5788417010001,10.505851355999994],[103.57924324900006,10.506463144000179],[103.57962578700011,10.506918691000124],[103.579534309,10.507513634000077],[103.57974408800004,10.508007445000146],[103.58010217399999,10.508418962000178],[103.5806129450001,10.50887020100015],[103.58128037800014,10.50918654100019],[103.5818596360001,10.50938529800004],[103.582449026,10.509483624000154],[103.58304621900015,10.509700245000033],[103.58357594800003,10.509632081999996],[103.58414055700013,10.509534989000088],[103.58469811600014,10.50927835200008],[103.58522304000007,10.50896886300012],[103.58531455200017,10.508364157000187],[103.58572213200011,10.50765350000006],[103.5859366040001,10.507117661000052],[103.5860375740001,10.506600836000018],[103.58654690300006,10.506285908000109],[103.58711957700001,10.506137176000038],[103.58763799100012,10.505993085000114],[103.58814662800017,10.505829430000176],[103.58871421900017,10.505714833000184],[103.58914973500015,10.505365412000117],[103.58966900700011,10.50503100200018],[103.59023093400015,10.505077418000099],[103.59087146800005,10.505187619000083],[103.59145019700003,10.504790030000152],[103.59198592100017,10.505177923000133],[103.59257767500009,10.505170787000111]]],[[[103.31738791700013,10.620989961000134],[103.31686481700018,10.621435391000034],[103.31620209900007,10.621247042000164],[103.31577929300005,10.62079654400003],[103.31544195300006,10.61998084000004],[103.31537973000013,10.619005402000141],[103.31535201900004,10.618115584000066],[103.31565360400009,10.617174721000083],[103.31592067100007,10.616278875000035],[103.3164430020002,10.615364849000116],[103.31688713000017,10.61459572700005],[103.31756225700013,10.613634961000116],[103.31821690000004,10.612763108000024],[103.31863421600013,10.612325186000021],[103.31918633600014,10.611917661000177],[103.31995686800013,10.611793193000153],[103.32087587900008,10.611941522999984],[103.32152168200014,10.61177187800007],[103.32226175900013,10.611731317000022],[103.32292379600011,10.611334260000092],[103.32272785800006,10.610596329999964],[103.32260682100008,10.609873636000032],[103.32321137300005,10.609016337000071],[103.32336804500005,10.608409279000114],[103.32357716799999,10.60786908700004],[103.32364651200004,10.607249044000127],[103.32320119100007,10.606296236000162],[103.3229742630001,10.605741124000076],[103.3222248200002,10.605667892000042],[103.32147265500004,10.606094142000131],[103.32070849600018,10.606886296000141],[103.32003376400013,10.606862909000085],[103.31932379900007,10.606883845000027],[103.31863904400018,10.606865351000124],[103.31768643400005,10.606464615000164],[103.31709184700014,10.606411981000065],[103.31666913800007,10.606009130000018],[103.31598687500019,10.605535654000107],[103.31527869900003,10.605230188000064],[103.3148255710002,10.604906301000028],[103.3141608150001,10.60488790400018],[103.31359290800009,10.604528783000035],[103.31291296900008,10.604544920000023],[103.31226367300013,10.604442528000106],[103.31151510700005,10.604211019000047],[103.31025450200008,10.604372399000056],[103.30942544300018,10.604234417000043],[103.30859160500006,10.604056844000183],[103.30791012100019,10.6043548560001],[103.30679067400001,10.604299377000075],[103.30605099900004,10.604270671000165],[103.30546161000018,10.604183423000052],[103.30523173199998,10.604741762000174],[103.30449793500014,10.604890382000008],[103.30381280900008,10.604941090000125],[103.30305466400017,10.604635328000086],[103.30270949300012,10.604178870000112],[103.3023773320001,10.603271665000136],[103.3021889260001,10.602083730000174],[103.30182734600004,10.601478429000053],[103.30128402000003,10.601198550000106],[103.30147974700014,10.600151162000145],[103.30182743600005,10.599648598000101],[103.30238369100016,10.599472334999973],[103.30313278100016,10.599125481999977],[103.30326820200008,10.598578822000036],[103.3027639180001,10.598267319000115],[103.30279050000019,10.597734105000086],[103.30261896100006,10.597110933000181],[103.30316793800012,10.597034357000098],[103.30368438100015,10.596854675000145],[103.30409407700012,10.59625092300007],[103.30477167800012,10.596060497000167],[103.30509568100001,10.59561777800019],[103.3050846320001,10.595046936000017],[103.30562165800012,10.594563255000082],[103.3061625900001,10.594229307000148],[103.30670529100013,10.593572548000054],[103.30743452000019,10.593394005000164],[103.30805437400011,10.593327156000043],[103.30904283800004,10.593304392000107],[103.30977689700012,10.593107153000005],[103.31020893200008,10.59279600700006],[103.31077231900002,10.592677388000084],[103.31140429300012,10.592124026000135],[103.31183947500006,10.591237428000113],[103.3115299160001,10.590772589000153],[103.31079432200016,10.590740019000123],[103.31065812600008,10.59021584400017],[103.31004621300019,10.58969791900006],[103.30915443900011,10.589376267999967],[103.30828630800016,10.588977332000184],[103.30776820699998,10.588600264000092],[103.30660410200005,10.58874840500016],[103.30595624699998,10.588749599999971],[103.30538484900012,10.588606172000027],[103.30508064100019,10.588000840000063],[103.30501502300012,10.587436350000075],[103.30537488200014,10.586981691000176],[103.30521367400013,10.586303063000173],[103.30470685000012,10.586069765000047],[103.30463853800012,10.585454657000128],[103.30491137600012,10.584510370999965],[103.30477220500006,10.583743562000052],[103.30531772300009,10.58275345200019],[103.30552164900007,10.582172911000043],[103.30656537900012,10.580972679000183],[103.30780127900005,10.579589055000099],[103.308273133,10.579090170000143],[103.3093530450002,10.578126727999972],[103.31046729400009,10.57713492500011],[103.31140850100007,10.57632188500014],[103.31228669400019,10.575669285000174],[103.31334698799998,10.574927806000176],[103.31383165000011,10.574571008000134],[103.31441634100008,10.57427621800008],[103.31498910600016,10.573963941000102],[103.3154932070002,10.57373546600013],[103.31620289500012,10.573386901000106],[103.31689456100014,10.57307787600007],[103.31754164000012,10.572781826999972],[103.31810852000012,10.572498563000181],[103.31886209600015,10.572264740000094],[103.31935914400009,10.572086341000158],[103.32014159800013,10.571910390000085],[103.32077005299999,10.571763985000132],[103.32177239800006,10.571623971000122],[103.3226756410001,10.571699244000001],[103.32348164600012,10.571646268000109],[103.32414906300016,10.571702668000114],[103.3246646820001,10.571841942000106],[103.3248526980002,10.572468369000148],[103.3252603950001,10.572816824000142],[103.3258367520001,10.573239962000116],[103.32617276700012,10.573664570000119],[103.3262756150001,10.57440065600008],[103.32681610800012,10.574879202000034],[103.32690225000016,10.575412597000025],[103.32741544100008,10.576001106000149],[103.32780478300015,10.576443613000095],[103.32765368800017,10.577217993000033],[103.32772133200007,10.57787901800009],[103.32791692400008,10.57875213400007],[103.328113642,10.579418245],[103.3285775880002,10.58005934800002],[103.32894284800005,10.580937299000084],[103.32910711100004,10.581744649000143],[103.32928650000008,10.582322581000142],[103.32935357800011,10.58308930800007],[103.3296175700001,10.583663284000124],[103.330114546,10.583961013000021],[103.33015541400005,10.584635108999976],[103.32989767200019,10.585373690000097],[103.33018144600004,10.58640583100015],[103.3303427680001,10.587032115999989],[103.33080677800007,10.587664410000116],[103.33085688500006,10.588276890000145],[103.33059947400017,10.588953813000103],[103.3306588860001,10.589491468999995],[103.33111095200002,10.589863836000177],[103.33173568400002,10.58958966300014],[103.33241123500005,10.589795844000037],[103.33305374700012,10.589526168000134],[103.33359422700005,10.589189885999986],[103.33406417100002,10.588725500000123],[103.33445434200007,10.588194624000096],[103.33474252600013,10.587588333000099],[103.33454631600006,10.586825328000145],[103.33437984400013,10.586326745000179],[103.3345265120002,10.585689462999994],[103.33457763200016,10.585147399000107],[103.33495380000005,10.584735367000121],[103.33453356400008,10.584239850000074],[103.33406402800011,10.583805733000133],[103.33416576500008,10.583101559000113],[103.33440036000007,10.58252581500011],[103.33472060100019,10.58175232400015],[103.33532318800002,10.58062796600018],[103.33570870000011,10.580132300000002],[103.33625020500011,10.579602218000048],[103.33688497800011,10.579112267000085],[103.33749897600012,10.579172763000145],[103.33886971900012,10.579391947000147],[103.33881427700015,10.578787695000074],[103.33866152800005,10.578118229000097],[103.33870060400005,10.577575872000068],[103.33896502099998,10.576418892000106],[103.33908357800016,10.575895387000003],[103.33939858800011,10.5752628030001],[103.33943704100017,10.574734469000077],[103.33932151800008,10.573866182000074],[103.33836328100011,10.573253322000028],[103.33767932500001,10.572959025999978],[103.33711165500011,10.5720584500001],[103.3365702270001,10.571429240000043],[103.3357309330001,10.571050436000178],[103.33522006900012,10.570853946000057],[103.33462977000005,10.570529306000026],[103.33408762300002,10.570075022000083],[103.33355248100014,10.569708795999986],[103.33274440200017,10.569321343000183],[103.33199864400012,10.56893421600006],[103.33152956100014,10.568420821000132],[103.33102000100007,10.56821418900006],[103.33039530200017,10.567437039000083],[103.33019466000007,10.566674008000064],[103.33001074800012,10.566109267000172],[103.329153771,10.565481745000113],[103.32851301300013,10.564716552000107],[103.327836612,10.564459037000063],[103.32723354500013,10.564026108000007],[103.32679562100014,10.563476854000044],[103.32657304700018,10.562862646000042],[103.32637813200012,10.562335765000057],[103.32588314500009,10.561779750000142],[103.32543402700009,10.561242927000023],[103.32527286200013,10.560586340000157],[103.32489564200006,10.56021288400018],[103.32479244900009,10.559461848000012],[103.32476152500004,10.558805950000135],[103.32534066099998,10.55867635800007],[103.32534732400012,10.558153322999999],[103.32553392200009,10.557650194000075],[103.32537230500014,10.557076994000056],[103.3248191080001,10.556660912999973],[103.32491827800015,10.556032238000114],[103.32532651100007,10.555628831000035],[103.32576942400004,10.555187706000027],[103.32592232200005,10.554540365000037],[103.32600254200014,10.553873685000156],[103.32609111700009,10.553078177000032],[103.32650418000009,10.55248906900016],[103.32685673200012,10.551755603000004],[103.32712875900017,10.551036874000147],[103.32713594800015,10.550415292000082],[103.32667043200013,10.550079276000133],[103.32595744900004,10.550170262000051],[103.3253407420001,10.550166996000144],[103.32541299000002,10.54955712900005],[103.32509385600008,10.549070274000144],[103.324705365,10.548658857000135],[103.32471164900016,10.547687307000047],[103.32456456500006,10.546894124000062],[103.3249713780001,10.546480408000093],[103.32520702000005,10.545852856000067],[103.32547312500014,10.544811914000093],[103.32557779700005,10.543872458000124],[103.32552736900016,10.543280893000144],[103.32493525300004,10.542982111000128],[103.32422860000008,10.542614494000134],[103.32358386400006,10.54283849900014],[103.32322144900013,10.543272471000137],[103.3227074580002,10.543402411000045],[103.32231481700012,10.543051614999968],[103.3215373720002,10.543024749000097],[103.32039194300017,10.543045204000066],[103.319826568,10.54276171700019],[103.31927639400016,10.542501050000169],[103.31874090200006,10.542357961000164],[103.31798213800016,10.542418365000174],[103.31727632100012,10.542604131000076],[103.31669834600018,10.54252524800006],[103.31616090000011,10.542742229000169],[103.31520267100012,10.542854629000033],[103.31440615800005,10.542812484000024],[103.31376078200014,10.543153965000101],[103.31259248700019,10.543856533000167],[103.31206226400008,10.544153139000173],[103.31142095900009,10.544449155000166],[103.31093319700005,10.54468534100016],[103.31068522000004,10.545203295000022],[103.3105624690001,10.545937963000085],[103.31073488500016,10.54663251500017],[103.31104235600009,10.547145853000188],[103.31175952000012,10.547691703000055],[103.31202036799999,10.548326080000038],[103.31244215800007,10.54894994700004],[103.31276505900007,10.549444415000096],[103.31280028700013,10.550009362000026],[103.31293897799998,10.550567281000099],[103.31264317500012,10.551426112000058],[103.31251234500013,10.552236544000095],[103.31223525600001,10.553175071000055],[103.31211730500013,10.553731620000178],[103.31187642300011,10.554351950000182],[103.31168891800013,10.555018046000043],[103.31152110400006,10.555585701000041],[103.31112567300016,10.556447785000103],[103.31050807000014,10.556607466999992],[103.3098637120001,10.556755634000126],[103.30907961200006,10.557240394000075],[103.30899185800007,10.557876701000055],[103.30904240000018,10.558441729000094],[103.30932681100018,10.558970107000107],[103.30938874000003,10.5595541510001],[103.30900475900017,10.560241108000184],[103.30841519300003,10.560356278000143],[103.3077857150002,10.560584117000076],[103.30688989900017,10.560480771000016],[103.30590906499998,10.560513414000184],[103.30509072500013,10.56095249200007],[103.30477808000012,10.561382911000067],[103.30481730600019,10.561913767000135],[103.3049701650001,10.562680234000027],[103.30526490000005,10.563420928000028],[103.30573800600013,10.563768385999992],[103.30569945700006,10.56451108300007],[103.30532065100016,10.565130664000094],[103.30501071399999,10.565590536000116],[103.30447234200005,10.566141915000003],[103.30375588600009,10.566877726000087],[103.30328617900005,10.567287799000155],[103.30281841400017,10.567731349000098],[103.30236982399998,10.568131904000097],[103.30164393400014,10.568472919000158],[103.30091557100019,10.56841436500008],[103.3004079660002,10.568223688000046],[103.29943263000013,10.567949323000164],[103.29892463400006,10.56767747300006],[103.29810028400004,10.567115855000111],[103.29764304700012,10.566669924999985],[103.29663188100017,10.565948103000153],[103.29577312400005,10.565374922000046],[103.29519114800001,10.566016133000119],[103.29484748700014,10.56651080800009],[103.29440778200006,10.567054235],[103.29460011400016,10.56760486799999],[103.29495787200011,10.568027525000048],[103.29519418500001,10.568938473000117],[103.29563506900007,10.569570044000045],[103.2959948840001,10.57031488500013],[103.29604879400011,10.570959530000096],[103.29609386700002,10.571816383000055],[103.2961351960002,10.572658052000122],[103.29632011900009,10.573163162000185],[103.29639763900013,10.573694224000064],[103.29614551100002,10.574955033000037],[103.29584606700013,10.575764541000012],[103.29558246099998,10.576327871000103],[103.29544832400018,10.577032144000043],[103.29482512500005,10.57750256300011],[103.29413117299998,10.577604937999979],[103.29362417200008,10.577844774000141],[103.29311005300008,10.577986024000097],[103.29258823300006,10.57813481100004],[103.29191215300006,10.578468487000123],[103.29143525000012,10.578807030000178],[103.29060541100012,10.579234627000119],[103.2901302790001,10.579944627000032],[103.28955918700007,10.580688217000102],[103.28868933300004,10.581422603000135],[103.28806110700009,10.582105236000189],[103.28747192300006,10.582655418000058],[103.28705527400012,10.583180004000155],[103.2865707380002,10.58351091500009],[103.285932361,10.58395090700003],[103.28543574000003,10.584387880000065],[103.28483892900016,10.584930435000103],[103.28453761800017,10.585379836000072],[103.28407405799999,10.586070935000123],[103.28360075600011,10.586447386000088],[103.28359731900008,10.587065181000185],[103.28353117500012,10.587936586000069],[103.28333019000007,10.588943705000133],[103.28322664400008,10.58965192200003],[103.28311096800007,10.590473782000004],[103.28307667100017,10.591129314000057],[103.28295118900007,10.591647895999984],[103.28279110400007,10.592189034000171],[103.28254220899998,10.592854765000084],[103.28260054800012,10.59338572200005],[103.28246662200007,10.594044498000073],[103.28230659900004,10.59457426500012],[103.28220179800019,10.595506101000126],[103.28221793100016,10.596048198000119],[103.28212310000004,10.597252987000047],[103.28209885500007,10.598166311000114],[103.2819037110001,10.598809591000077],[103.28159300700014,10.599565949000123],[103.28133170100006,10.600175964000016],[103.28119207200012,10.601386882000043],[103.28092746000004,10.602120749000107],[103.28053222800003,10.602918335000027],[103.2803150220002,10.603394724999987],[103.2801280650001,10.603943290000188],[103.27974578300007,10.605165457000112],[103.2794505540001,10.605891574000111],[103.27921886600012,10.60690230800003],[103.27885543200006,10.60817763800003],[103.27898394800019,10.609175182000172],[103.27896769000012,10.610027903000116],[103.27917452200018,10.610722652000106],[103.27936664600008,10.611307404000001],[103.2795859520001,10.611827871000173],[103.2802267900002,10.612331692000055],[103.28079132500011,10.612778239000136],[103.28135656000006,10.613099713000054],[103.28210520300007,10.613509364000151],[103.28256264200019,10.613925001000155],[103.28293179200017,10.614370478000126],[103.28342835000007,10.61532834000019],[103.28365672400014,10.61628473400009],[103.2842757790001,10.617262214000164],[103.28517900600013,10.618123746000037],[103.28578319800005,10.618299731000093],[103.28642067600003,10.618755915000179],[103.28713479600015,10.619176738000078],[103.28791409500002,10.619590337000147],[103.28850499100008,10.620124195000074],[103.28891169100012,10.620557683000072],[103.28943539400007,10.620925219000071],[103.28982030800012,10.621294973000147],[103.29042495700014,10.62142334300006],[103.29106400400013,10.621567061000064],[103.2917396590002,10.622017987999982],[103.29211662200004,10.622440760000131],[103.29237826700012,10.622931128000062],[103.292920439,10.623271412000122],[103.29396361300019,10.623087564000002],[103.29368308100004,10.622547819000033],[103.29401561000014,10.621322235999969],[103.294294573,10.62081635200002],[103.2949897740001,10.620443721000015],[103.2957725780002,10.620228130000044],[103.29627726900009,10.619726760000106],[103.29667280300015,10.61887229600012],[103.2971079200002,10.618480464000015],[103.29758306800005,10.6177780430001],[103.29805293900012,10.617337123000027],[103.29858379000007,10.61695338700008],[103.29919451100005,10.61667621000015],[103.30078075600017,10.616665839000063],[103.30171108100012,10.616792156000145],[103.30270212400012,10.617024929000138],[103.30333681800005,10.617263353000169],[103.30389894800004,10.61745969400016],[103.30462636700008,10.617558376000147],[103.30529483500015,10.617925853000088],[103.30589723399999,10.618463534000057],[103.30648749300008,10.619118648999972],[103.30691105800003,10.619431736000081],[103.30743696200005,10.619946261999985],[103.30791480600016,10.620839561000082],[103.30801924500014,10.621355607000169],[103.3083384250001,10.622536112000034],[103.30864230200012,10.6230153300001],[103.30905396200006,10.623404158000085],[103.30952265600013,10.623872889999973],[103.3101223880002,10.62420208500015],[103.31083825200005,10.624315855000134],[103.311410738,10.624516225000036],[103.31200070600016,10.625506744000177],[103.31281830100005,10.625137160000122],[103.3134083760001,10.624802189000036],[103.31413471400015,10.624291675000109],[103.31498932900007,10.62352102300008],[103.31535328700016,10.623106197000084],[103.31601115800015,10.622728334000158],[103.31684349300019,10.622426108000184],[103.31755863400014,10.622477123000067],[103.31809806799998,10.622153353999977],[103.31833936700014,10.621435425000186],[103.31795209100011,10.621028368000168],[103.31738791700013,10.620989961000134]]],[[[103.4241415140001,10.613983564000137],[103.42497492200016,10.614050445000032],[103.42563948600008,10.613764362000097],[103.42617053500004,10.613844199000027],[103.42656332600012,10.61336924699998],[103.42718182200014,10.61327270900017],[103.42782607300006,10.613511429000027],[103.42829501100016,10.613119768000047],[103.42878163400019,10.61285047400014],[103.4293457510002,10.612644967000108],[103.42997906800014,10.612335643999984],[103.43072030700006,10.612407274000077],[103.43097928700018,10.611892284000078],[103.4306984260001,10.61131119800018],[103.42994574700009,10.610791157000051],[103.4290822110001,10.61046530100009],[103.42865343700015,10.610164259000044],[103.42804934900005,10.61012953800008],[103.42693258800011,10.610087725000085],[103.42614865400009,10.61031024200014],[103.42546961200003,10.610610271000155],[103.42485999700011,10.610761197000045],[103.424058678,10.61080247000018],[103.42323228300012,10.610377152000126],[103.4224810620002,10.610468490000073],[103.42194494600011,10.61056996100001],[103.42139590800014,10.610512860000028],[103.4207944960001,10.610849501000075],[103.42003792800006,10.611090253999976],[103.41939152700013,10.611272686000177],[103.4185629750001,10.611268519000078],[103.4178500980002,10.611024910000083],[103.41728242400012,10.61103110900018],[103.41661806100012,10.6111455140001],[103.41599687800016,10.610875189000069],[103.41523957900012,10.610368679999965],[103.41462597000009,10.61040634700015],[103.41420519300016,10.61074571600011],[103.41344919400007,10.61036783100019],[103.41280610000013,10.610077397000111],[103.41225118600005,10.609900949000064],[103.41133006200005,10.60982876900016],[103.41068219099998,10.609714555000096],[103.41004907100017,10.609576299000025],[103.40909946900013,10.609421421000036],[103.40813277500007,10.60961001600009],[103.4085346230001,10.610157105000155],[103.4089155490002,10.61097902300014],[103.40953113700016,10.611326727999995],[103.41000460400016,10.611577820000036],[103.41018173400005,10.612210592000167],[103.41106719300006,10.612621704000048],[103.41155576200003,10.613023104000035],[103.41180198000018,10.613805709000076],[103.41253590300005,10.614253176000034],[103.41400957600007,10.614964845000031],[103.41468250800011,10.614948944000048],[103.41539250699998,10.614805254999965],[103.41589322300001,10.614651166000101],[103.41662498500017,10.61457285500012],[103.41731642900004,10.614749981000045],[103.41774864500007,10.61508497800014],[103.4184342470001,10.61545019200014],[103.41898509300006,10.615472256000032],[103.41954794500009,10.615055441000095],[103.42003194600005,10.614802229000077],[103.42081852700005,10.614492654000117],[103.42133279200004,10.61404182400014],[103.42192422400012,10.613755383000125],[103.42307583200005,10.613573046000056],[103.4236012610001,10.613797562000173],[103.4241415140001,10.613983564000137]]],[[[103.48289431300009,10.630539996000095],[103.48333717700012,10.630963160000078],[103.48346400200006,10.631724485999996],[103.48332440300015,10.632570647000136],[103.48384599600001,10.632721483000182],[103.48443287300017,10.63238462600009],[103.4849578640002,10.631846526000174],[103.48560216000004,10.631634338000026],[103.48619309000009,10.631455382000127],[103.48666421700005,10.631050980000055],[103.48729385900009,10.630867425000076],[103.48778494300007,10.630338725000001],[103.48806292100016,10.629871192000167],[103.48825390900015,10.62898318900011],[103.4884582970002,10.628236302000062],[103.48807362800005,10.627779935000035],[103.48750292200009,10.627781970000115],[103.48680784100003,10.627505911000128],[103.48641836500013,10.627044733000162],[103.48566277300017,10.626289943000074],[103.48486790200002,10.625654572000144],[103.48446007700011,10.624992360000078],[103.48407655099999,10.62430634400016],[103.48362602800012,10.623476471000117],[103.48295273700012,10.62270772200003],[103.48238227800005,10.622661908000168],[103.48179793400004,10.622427676000143],[103.48107799700006,10.62235418900002],[103.480313147,10.622498803999974],[103.47958506800006,10.623031132000165],[103.47895944700008,10.62338214600004],[103.47821846700009,10.623589069000047],[103.47751385600014,10.624033834000159],[103.47719781699999,10.62460319400003],[103.47646664900009,10.62478145300014],[103.47603935400019,10.625123853000048],[103.47566513800012,10.625490434000085],[103.47503062100009,10.62568351200008],[103.47460249300002,10.62619335900007],[103.47389881600014,10.626677944000107],[103.47326048100018,10.626665274000118],[103.47265002200004,10.626882386000148],[103.47237669400016,10.627383414000008],[103.47229593600008,10.628062399000157],[103.47255893300007,10.628666506000116],[103.47284156400008,10.629213298000082],[103.47298256300013,10.630036889999985],[103.4730714870002,10.630549783999982],[103.47317007700019,10.631148309000025],[103.47356863800019,10.631724370000029],[103.47399681400009,10.632180963000053],[103.47405633200003,10.632855847000087],[103.47431521400017,10.633316403000038],[103.47444289500015,10.633900717000074],[103.47484722500002,10.6342902130001],[103.47539041900001,10.633986653000079],[103.47546157000016,10.633293269000035],[103.47548902900019,10.632633161000172],[103.47548237299998,10.632025514000077],[103.47558301400005,10.631236583999964],[103.47589577500008,10.630802979000066],[103.47635102000004,10.630460463000134],[103.47662901600012,10.629992945000026],[103.47647252400014,10.629365434000078],[103.47740234800017,10.629116375000137],[103.47799768600004,10.629023571999994],[103.47872848600008,10.628921859000059],[103.47930424000015,10.62887680200015],[103.4800950670001,10.628873733000148],[103.48090908400002,10.62904724100008],[103.48144361900012,10.629513910000071],[103.4818277560002,10.630075540000178],[103.48234467400016,10.63019286400015],[103.48289431300009,10.630539996000095]]],[[[103.456649911,10.63491075900015],[103.45639716500006,10.634998243000098],[103.45620845700006,10.635060028000112],[103.455906158,10.635254054000029],[103.45585900700013,10.635599647000106],[103.45595166000004,10.635634007000135],[103.45620361400012,10.635629104000145],[103.45659747500014,10.63546701200005],[103.45680074500007,10.635346510000034],[103.45708323700018,10.635347899000067],[103.4571697340001,10.635245047000069],[103.45716006300012,10.635072618000095],[103.45690518800006,10.634923316000027],[103.456649911,10.63491075900015]]],[[[103.54733671900016,10.739251708000154],[103.54796396800009,10.73911449700006],[103.54801161400013,10.738470515000074],[103.54829176900012,10.73778128300006],[103.54771261800005,10.73718184300003],[103.54710925300014,10.736985762000074],[103.54635513400001,10.736707604000173],[103.54594753100014,10.737339729000155],[103.54654878000008,10.738456899000028],[103.5468845260001,10.738870986000109],[103.54733671900016,10.739251708000154]]],[[[103.26271463,10.75774018300018],[103.262842439,10.757223342000145],[103.2627724410001,10.756225131000065],[103.26216742600002,10.75585787500006],[103.26144628900016,10.75596232099997],[103.26160955500018,10.756937323000045],[103.26194691800009,10.757544910000092],[103.26271463,10.75774018300018]]],[[[103.26425079500001,10.760148970000103],[103.26495979000015,10.759265727000127],[103.26484326900004,10.758564584000112],[103.26411046500016,10.758059882000111],[103.26343600800004,10.75824369500009],[103.26291270800004,10.758623849000116],[103.26342487200014,10.759690075000037],[103.26425079500001,10.760148970000103]]]]}}]}
